Event,Px,Py,Pz,Tot,Cerenkov,compt,CoupledTransportation,eBrem,eIon,msc,muIoni,OpAbsorption,phot,NOfOptPhotons
0,0.0965495,0.712942,-0.694544,4193.87,4175.31,0,18.5601,0.0,0.0,0.0,0.0,571.603,0.0,9595
1,0.995836,0.00377503,-0.0910829,9172.14,8935.12,0,237.027,0.0,0.0,0.0,0.0,1284.56,0.0,12562
2,-0.919385,-0.330751,0.212921,10210.4,8909.75,0,354.237,0.0,211.375,597.614,137.451,1426.26,0.0,14535
3,-0.688242,0.36885,0.624718,5423.96,4648.09,0,263.748,0.0,90.9326,421.189,0.0,741.32,0.0,11766
4,0.881483,0.323203,0.34428,7465.06,6678.58,0,98.7162,0.0,255.523,262.592,169.644,1033.07,0.0,13396
5,0.66669,-0.0914209,-0.739707,4457.84,4121.92,0,335.923,0.0,0.0,0.0,0.0,609.897,0.0,9113
6,0.0464689,0.688192,0.724039,4829.46,4424.33,0,116.34,0.0,0.0,243.44,45.3487,658.283,0.0,10661
7,0.195075,-0.912177,0.360388,6555.96,6083.56,0,472.401,0.0,0.0,0.0,0.0,906.79,0.0,11425
8,0.858281,-0.458169,-0.23116,7208.63,7107.39,0,101.24,0.0,0.0,0.0,0.0,1007.78,0.0,10763
9,0.765874,0.125147,-0.630694,5195.07,4522.0,0,240.657,0.0,106.691,325.722,0.0,713.886,0.0,10347
10,-0.271556,-0.718707,-0.640092,4796.57,4770.96,0,25.6135,0.0,0.0,0.0,0.0,654.488,0.0,10381
11,0.350498,-0.935959,0.0336398,8984.7,8830.63,0,154.074,0.0,0.0,0.0,0.0,1261.33,0.0,12052
12,0.646678,-0.758939,-0.0762828,12109.1,11679.2,0,131.705,0.0,95.1414,203.078,0.0,1703.63,0.0,15078
13,0.168791,0.720592,0.672501,4134.4,3795.38,0,339.023,0.0,0.0,0.0,0.0,565.407,0.0,8856
14,0.141978,0.127937,0.981567,2950.89,2828.02,0,122.871,0.0,0.0,0.0,0.0,379.786,0.0,12544
15,-0.113644,-0.564668,0.817456,3769.47,3503.02,0,266.454,0.0,0.0,0.0,0.0,510.601,0.0,9102
16,-0.0917126,0.519901,-0.849289,3584.57,3338.93,0,245.638,0.0,0.0,0.0,0.0,482.465,0.0,9727
17,0.906903,0.100599,-0.409153,6194.11,5655.81,0,282.001,0.0,69.5225,186.777,0.0,857.398,0.0,10953
18,-0.693788,0.713965,-0.0944038,9622.36,9592.57,0,4.21351,0.0,14.7015,0.0,10.8779,1352.36,0.0,12631
19,0.66014,-0.639728,0.393654,7230.74,5943.34,0,48.5797,0.0,106.138,435.92,696.758,1000.33,0.0,12736
20,0.328799,0.000507931,-0.9444,3075.72,2860.58,0,215.139,0.0,0.0,0.0,0.0,407.492,0.0,9958
21,0.631916,-0.398046,0.665012,4464.61,4272.05,0,192.558,0.0,0.0,0.0,0.0,610.661,0.0,9422
22,0.179007,0.667756,0.722537,5320.94,4119.85,0,421.965,0.0,170.088,150.732,458.299,729.618,0.0,11302
23,-0.864858,0.488449,-0.115922,6999.3,6995.16,0,4.13692,0.0,0.0,0.0,0.0,978.421,0.0,9953
24,-0.444989,-0.890827,0.0917201,10444.6,9988.32,0,36.4912,0.0,106.69,281.708,31.4045,1463.85,0.0,13941
25,0.595889,-0.542693,-0.591946,5271.0,4963.34,0,307.668,0.0,0.0,0.0,0.0,721.244,0.0,10884
26,-0.563735,-0.79429,0.22651,9213.14,8332.35,0,248.158,0.0,0.0,283.915,348.717,1291.05,0.0,12860
27,0.941853,-0.193553,0.274683,10913.2,9591.0,0,317.187,65.2157,292.827,537.788,109.166,1517.37,0.0,17379
28,-0.227814,0.0780691,0.97057,3392.71,3113.61,0,134.097,0.0,106.522,38.4762,0.0,448.466,0.0,11426
29,-0.539707,0.189142,-0.82033,3399.99,3097.43,0,302.562,0.0,0.0,0.0,0.0,461.516,0.0,8282
30,-0.713133,0.685349,0.147438,7642.66,7190.6,0,111.828,0.0,106.532,21.6505,212.049,1072.71,0.0,10140
31,0.637201,-0.657428,0.402198,6741.36,6504.56,0,236.8,0.0,0.0,0.0,0.0,931.921,0.0,11963
32,0.495213,-0.524544,0.692545,4797.82,4636.24,0,161.575,0.0,0.0,0.0,0.0,657.283,0.0,10153
33,0.799761,0.127466,-0.58663,4710.54,4375.37,0,335.17,0.0,0.0,0.0,0.0,646.654,0.0,9529
34,-0.425592,-0.0856627,-0.900852,3248.61,3143.43,0,105.174,0.0,0.0,0.0,0.0,437.536,0.0,8831
35,-0.432567,0.648799,-0.626056,5434.07,5198.96,0,41.5521,0.0,106.651,86.9102,0.0,744.067,0.0,11630
36,-0.933112,-0.156954,0.323524,8643.22,7889.49,0,175.181,0.0,106.691,471.857,0.0,1199.28,0.0,14835
37,-0.877601,0.47842,0.0305107,10208.3,9546.23,0,329.583,0.0,104.664,227.815,0.0,1433.27,0.0,13524
38,-0.16394,-0.981853,0.0953304,8603.79,8545.01,0,58.7776,0.0,0.0,0.0,0.0,1204.55,0.0,12192
39,-0.647585,0.687361,0.328889,6738.7,6262.21,0,476.491,0.0,0.0,0.0,0.0,935.45,0.0,11436
40,0.552723,0.276036,-0.786321,4161.33,4133.53,0,27.8039,0.0,0.0,0.0,0.0,565.618,0.0,9539
41,0.813276,0.504635,-0.289699,8276.07,7754.83,0,173.039,0.0,101.425,246.774,0.0,1148.39,0.0,13657
42,0.291529,-0.951891,-0.0944147,9769.62,8991.04,0,331.95,21.9256,103.118,321.588,0.0,1366.63,0.0,14315
43,0.41999,0.735932,-0.531048,5425.49,5180.91,0,244.581,0.0,0.0,0.0,0.0,746.05,0.0,10585
44,-0.97261,-0.219015,-0.0778609,10949.8,10240.5,0,54.3172,0.0,104.737,550.233,0.0,1530.0,0.0,15519
45,-0.321647,0.867209,0.38012,6231.56,6181.64,0,49.9162,0.0,0.0,0.0,0.0,860.924,0.0,11309
46,-0.225331,-0.646438,-0.728933,3944.34,3607.58,0,336.756,0.0,0.0,0.0,0.0,538.874,0.0,8544
47,0.925745,0.377349,0.0245781,9386.79,9304.64,0,82.1525,0.0,0.0,0.0,0.0,1316.52,0.0,12502
48,-0.651324,0.570825,-0.499936,5444.79,5390.81,0,53.9781,0.0,0.0,0.0,0.0,749.775,0.0,10432
49,-0.634876,0.207819,-0.744139,3691.32,3354.04,0,337.284,0.0,0.0,0.0,0.0,503.679,0.0,8288
50,-0.109841,0.518449,0.848024,3689.62,3206.64,0,482.982,0.0,0.0,0.0,0.0,498.269,0.0,9520
51,0.506645,-0.417627,-0.754254,4214.2,3780.78,0,15.0398,0.0,96.7086,110.717,210.949,576.292,0.0,9437
52,0.792584,0.608648,-0.0368501,13076.2,12328.8,0,191.71,0.0,203.58,352.12,0.0,1833.82,0.0,17377
53,-0.86451,-0.483224,0.138268,10947.5,10385.4,0,331.983,0.0,101.554,128.516,0.0,1534.31,0.0,14444
54,0.529949,0.710501,-0.462971,5944.21,5588.66,0,355.551,0.0,0.0,0.0,0.0,819.485,0.0,11121
55,-0.248405,0.636635,0.730062,3700.02,3444.77,0,255.247,0.0,0.0,0.0,0.0,506.493,0.0,8132
56,0.263931,0.369622,-0.89091,3269.45,2700.87,0,264.077,0.0,0.0,98.4465,206.05,432.631,0.0,10852
57,-0.457569,0.682675,-0.569724,5545.72,5327.64,0,218.084,0.0,0.0,0.0,0.0,761.611,0.0,11060
58,-0.392703,0.899137,-0.193227,9089.92,8794.63,0,295.293,0.0,0.0,0.0,0.0,1271.59,0.0,12778
59,-0.990352,-0.136123,-0.0259561,9531.03,8896.22,0,208.094,0.0,210.516,216.198,0.0,1336.68,0.0,12796
60,-0.137825,-0.23472,-0.962243,3072.37,2919.08,0,153.292,0.0,0.0,0.0,0.0,401.28,0.0,11585
61,0.978415,-0.159739,0.131104,11830.6,10985.7,0,343.806,0.0,96.0877,404.96,0.0,1655.21,0.0,16596
62,-0.262784,0.812878,-0.519783,5992.71,5726.26,0,266.454,0.0,0.0,0.0,0.0,824.181,0.0,11603
63,0.790287,0.461271,-0.403331,6026.19,5361.73,0,215.047,0.0,106.481,342.931,0.0,832.122,0.0,11521
64,-0.108341,0.155763,-0.981835,2565.21,2431.79,0,133.419,0.0,0.0,0.0,0.0,330.044,0.0,11174
65,0.779168,-0.498265,0.380301,5802.83,5676.34,0,126.491,0.0,0.0,0.0,0.0,804.003,0.0,9754
66,-0.802478,-0.595043,-0.0441804,12113.0,12089.6,0,23.4675,0.0,0.0,0.0,0.0,1696.95,0.0,15857
67,-0.93091,-0.140291,0.337232,6281.25,6271.13,0,10.1265,0.0,0.0,0.0,0.0,870.474,0.0,11110
68,-0.809127,-0.477536,-0.342452,6254.08,6019.53,0,114.186,0.0,0.0,4.56309,115.799,865.367,0.0,11148
69,-0.417736,0.675737,-0.607352,4395.97,4153.68,0,242.289,0.0,0.0,0.0,0.0,602.619,0.0,9064
70,-0.362467,0.056435,-0.930286,3177.27,2822.0,0,22.4009,0.0,104.554,228.315,0.0,425.031,0.0,9505
71,-0.82126,0.536199,0.194996,10239.1,9781.54,0,221.894,0.0,102.417,133.288,0.0,1431.86,0.0,14938
72,0.822953,0.192924,0.534349,5499.03,5343.18,0,155.848,0.0,0.0,0.0,0.0,755.901,0.0,10682
73,0.905221,0.0277039,-0.424037,5894.16,5789.87,0,104.29,0.0,0.0,0.0,0.0,814.232,0.0,10731
74,0.619065,0.236136,-0.748999,3582.88,3358.94,0,223.934,0.0,0.0,0.0,0.0,488.425,0.0,8171
75,0.850141,0.15998,-0.501664,6800.73,5832.1,0,663.487,0.0,127.746,177.399,0.0,938.452,0.0,12633
76,0.767546,-0.0806046,0.635905,4389.28,4308.36,0,80.9186,0.0,0.0,0.0,0.0,602.467,0.0,9067
77,-0.758872,-0.152001,-0.633252,4543.48,4376.33,0,167.144,0.0,0.0,0.0,0.0,622.44,0.0,9294
78,0.285047,-0.66086,0.694271,4827.36,3711.87,0,354.667,0.0,79.783,195.341,485.698,661.865,0.0,10259
79,-0.681753,-0.606151,-0.409627,5803.2,5678.39,0,124.804,0.0,0.0,0.0,0.0,799.853,0.0,10882
80,-0.29076,-0.956785,0.00449927,9266.23,8854.06,0,412.178,0.0,0.0,0.0,0.0,1299.19,0.0,12537
81,-0.958733,0.138622,-0.248224,8024.34,7313.26,0,324.185,0.0,106.666,280.221,0.0,1115.62,0.0,13094
82,-0.596065,-0.470151,0.650895,4646.77,4346.05,0,300.715,0.0,0.0,0.0,0.0,637.291,0.0,9605
83,-0.686943,0.0767335,-0.722649,4709.68,4441.08,0,268.609,0.0,0.0,0.0,0.0,642.022,0.0,10656
84,-0.0135752,-0.474949,0.879909,3211.05,3146.76,0,64.2876,0.0,0.0,0.0,0.0,433.147,0.0,8680
85,-0.975343,-0.198237,0.0969928,10349.2,9892.93,0,220.043,0.0,106.515,129.677,0.0,1449.08,0.0,14095
86,-0.119094,-0.502913,-0.856093,3460.0,3302.7,0,157.3,0.0,0.0,0.0,0.0,467.013,0.0,9141
87,-0.261326,-0.0370498,-0.964539,2756.21,2569.61,0,186.601,0.0,0.0,0.0,0.0,358.808,0.0,10682
88,0.529866,0.622276,-0.576207,5333.63,5190.35,0,143.278,0.0,0.0,0.0,0.0,732.965,0.0,10441
89,0.446243,0.893488,0.0504564,12946.0,11723.6,0,370.733,0.0,104.332,747.331,0.0,1810.62,0.0,17350
90,-0.991528,-0.0172712,0.12874,9787.38,8561.59,0,206.482,0.0,180.194,649.097,190.009,1373.0,0.0,13136
91,0.113951,0.586898,0.801602,3535.34,3128.86,0,406.479,0.0,0.0,0.0,0.0,480.825,0.0,8098
92,-0.235404,-0.481315,-0.844346,3261.95,3075.17,0,186.781,0.0,0.0,0.0,0.0,440.423,0.0,8378
93,-0.365057,-0.297986,0.882008,3869.69,3802.3,0,67.3925,0.0,0.0,0.0,0.0,521.744,0.0,10246
94,0.264074,0.953355,-0.146217,12143.2,11053.4,0,356.761,0.0,315.567,417.47,0.0,1697.32,0.0,17529
95,0.229625,0.231603,-0.945321,3167.49,2912.7,0,254.795,0.0,0.0,0.0,0.0,417.464,0.0,10886
96,0.304834,-0.722803,0.620187,4817.26,4446.0,0,371.26,0.0,0.0,0.0,0.0,660.769,0.0,9870
97,-0.29433,-0.319592,0.900684,3206.18,2867.89,0,338.291,0.0,0.0,0.0,0.0,427.672,0.0,9691
98,0.167675,-0.976454,0.135731,10655.0,9896.08,0,163.497,0.0,103.63,491.821,0.0,1491.42,0.0,14484
99,-0.806447,-0.145343,-0.573165,5530.67,5301.44,0,229.232,0.0,0.0,0.0,0.0,759.253,0.0,10936
100,-0.466488,0.649835,0.600086,5462.8,4897.96,0,1.99471,0.0,212.843,350.001,0.0,749.395,0.0,11559
101,0.00693175,0.513214,0.858233,3389.65,3237.36,0,152.286,0.0,0.0,0.0,0.0,458.878,0.0,8612
102,-0.510911,0.185571,0.839365,3401.42,3172.99,0,228.426,0.0,0.0,0.0,0.0,460.323,0.0,8451
103,-0.538909,0.816593,0.206769,9125.65,7682.86,0,145.016,0.0,72.5532,586.232,638.993,1278.52,0.0,12596
104,0.242522,-0.94786,-0.206748,8879.42,8869.51,0,9.90896,0.0,0.0,0.0,0.0,1242.51,0.0,12429
105,-0.50493,-0.859355,-0.0809641,10624.4,10252.1,0,39.0444,0.0,98.7858,234.495,0.0,1489.91,0.0,14275
106,0.569909,-0.776315,0.269329,8005.25,7787.89,0,217.362,0.0,0.0,0.0,0.0,1117.12,0.0,12206
107,0.492524,-0.711848,-0.500691,5668.27,4829.04,0,403.429,0.0,106.671,329.13,0.0,779.384,0.0,11521
108,-0.215867,0.061493,-0.974485,3126.62,2935.09,0,191.525,0.0,0.0,0.0,0.0,406.783,0.0,12256
109,0.371471,0.915612,-0.153829,10496.2,9445.75,0,112.463,0.0,209.257,524.302,204.469,1470.79,0.0,14213
110,-0.628236,-0.484655,-0.608629,5278.8,4466.36,0,307.84,0.0,54.2907,82.3409,367.967,726.455,0.0,10392
111,-0.539141,-0.841742,-0.0282279,13111.4,12908.0,0,203.408,0.0,0.0,0.0,0.0,1838.16,0.0,17345
112,-0.947965,0.151075,0.280248,9109.79,8797.26,0,135.154,0.0,162.79,14.5886,0.0,1270.13,0.0,13987
113,0.942107,-0.0410316,-0.332794,6057.79,5660.92,0,396.864,0.0,0.0,0.0,0.0,838.581,0.0,10475
114,-0.813602,-0.566341,0.131568,10725.9,10175.4,0,339.875,0.0,106.6,103.948,0.0,1507.9,0.0,13902
115,0.143711,0.383674,-0.912218,3123.66,2778.42,0,345.24,0.0,0.0,0.0,0.0,418.786,0.0,8967
116,-0.152805,0.865682,0.476704,5601.23,5280.53,0,320.702,0.0,0.0,0.0,0.0,770.568,0.0,10767
117,-0.634045,0.202463,-0.746322,3825.66,3568.4,0,257.261,0.0,0.0,0.0,0.0,521.563,0.0,8614
118,-0.0584404,0.937747,-0.342368,6360.64,6172.57,0,188.067,0.0,0.0,0.0,0.0,881.415,0.0,11289
119,-0.499984,-0.726074,-0.472051,5713.66,4861.17,0,339.376,0.0,106.537,104.694,301.874,786.503,0.0,11015
120,-0.778486,0.439162,-0.448438,5963.17,5771.32,0,191.847,0.0,0.0,0.0,0.0,820.261,0.0,11465
121,-0.618695,0.766597,0.171889,11681.9,10941.9,0,114.326,0.0,204.454,421.17,0.0,1641.85,0.0,15378
122,0.884548,-0.349455,-0.308959,6472.96,6007.04,0,1.47256,0.0,106.457,204.691,153.304,900.152,0.0,10653
123,0.068613,0.385504,-0.920151,3378.72,3083.29,0,295.425,0.0,0.0,0.0,0.0,452.84,0.0,9549
124,0.436521,0.0159154,-0.899553,3612.04,2967.46,0,106.226,0.0,0.0,403.453,134.906,480.631,0.0,11189
125,-0.691349,-0.717596,-0.0842206,17725.5,15224.5,0,366.016,0.0,714.358,1420.7,0.0,2481.73,0.0,23410
126,-0.27522,-0.313565,0.908807,2998.64,2595.29,0,403.351,0.0,0.0,0.0,0.0,400.502,0.0,8965
127,0.823991,-0.512757,0.24108,9547.65,9219.14,0,78.0784,0.0,103.489,146.944,0.0,1335.34,0.0,13804
128,-0.00112851,-0.770569,-0.637356,4583.25,4483.37,0,99.8791,0.0,0.0,0.0,0.0,626.643,0.0,9804
129,0.287141,0.688907,0.66555,5329.96,4355.49,0,647.565,0.0,79.8647,247.037,0.0,729.464,0.0,11210
130,0.39048,0.684129,-0.61603,4271.35,4039.01,0,232.343,0.0,0.0,0.0,0.0,586.073,0.0,8743
131,-0.879372,0.0850404,-0.468479,5718.15,5470.02,0,248.131,0.0,0.0,0.0,0.0,787.393,0.0,10585
132,0.326916,-0.374252,-0.867791,3448.62,3351.44,0,97.1859,0.0,0.0,0.0,0.0,465.642,0.0,9162
133,-0.688281,0.623676,0.370538,6541.81,6231.24,0,102.255,0.0,98.9182,109.4,0.0,905.563,0.0,11379
134,0.47902,-0.876686,-0.0442959,13674.4,11585.3,0,97.4289,0.0,521.069,1176.67,293.888,1918.19,0.0,17747
135,-0.982483,0.0559238,-0.177764,10605.2,9767.83,0,262.47,0.0,211.935,362.989,0.0,1484.02,0.0,14977
136,0.511526,0.828472,0.227982,9511.77,8707.61,0,7.9774,0.0,213.066,245.872,337.246,1332.43,0.0,12991
137,-0.625069,-0.775384,-0.0898237,12332.5,11652.8,0,469.142,0.0,65.6632,144.842,0.0,1732.81,0.0,15804
138,-0.637927,0.543073,0.546004,4905.12,4533.66,0,371.467,0.0,0.0,0.0,0.0,674.581,0.0,9538
139,-0.75426,0.321778,0.572321,5471.42,4598.92,0,872.504,0.0,0.0,0.0,0.0,752.31,0.0,10443
140,-0.284726,-0.860857,-0.421731,6378.0,6021.37,0,356.629,0.0,0.0,0.0,0.0,880.323,0.0,11567
141,0.407026,0.891924,-0.19698,12954.3,11837.7,0,282.957,0.0,204.094,629.552,0.0,1810.91,0.0,17652
142,0.763186,0.0104088,-0.646095,4888.83,4469.6,0,282.967,0.0,106.664,29.5927,0.0,669.334,0.0,10395
143,-0.920398,-0.382195,-0.0824256,11960.4,10585.8,0,240.469,0.0,295.351,838.788,0.0,1672.76,0.0,16480
144,0.51269,0.84076,-0.173985,10444.9,9879.91,0,281.01,0.0,106.675,177.286,0.0,1462.61,0.0,14253
145,-0.320092,-0.770517,-0.55122,4880.72,4619.42,0,261.303,0.0,0.0,0.0,0.0,670.296,0.0,9489
146,-0.701175,0.685687,-0.195417,8363.07,8051.34,0,15.0482,0.0,102.506,194.178,0.0,1171.19,0.0,11672
147,-0.6815,-0.707618,-0.18664,8748.5,8423.37,0,325.126,0.0,0.0,0.0,0.0,1227.19,0.0,11969
148,0.486716,0.872484,-0.0433515,10183.8,9942.09,0,18.9643,0.0,106.358,116.412,0.0,1430.87,0.0,13569
149,0.721524,0.656595,0.21974,10259.8,9360.93,0,386.494,0.0,0.0,492.515,19.8664,1436.94,0.0,14645
150,-0.380771,-0.746225,-0.546042,5121.37,5079.38,0,41.9874,0.0,0.0,0.0,0.0,704.659,0.0,9894
151,0.728274,0.30373,-0.6143,4634.11,4619.75,0,14.3595,0.0,0.0,0.0,0.0,636.418,0.0,9278
152,-0.523307,0.801609,-0.289089,6788.66,6633.37,0,155.287,0.0,0.0,0.0,0.0,943.951,0.0,11078
153,0.613393,0.774287,0.155652,12642.8,11330.6,0,353.135,0.0,213.381,336.188,409.488,1775.93,0.0,15984
154,-0.447815,0.568499,-0.690123,4164.53,4042.59,0,121.94,0.0,0.0,0.0,0.0,569.403,0.0,8951
155,-0.67589,0.316206,0.665722,4752.18,4348.59,0,22.1791,0.0,93.9249,287.49,0.0,650.62,0.0,10173
156,0.697676,0.583853,0.415167,6561.1,5855.41,0,336.235,0.0,94.3437,275.115,0.0,905.027,0.0,12401
157,0.0847483,-0.587148,0.805031,3807.43,3470.39,0,337.046,0.0,0.0,0.0,0.0,516.8,0.0,8975
158,0.639585,0.496316,-0.587027,5387.48,5333.84,0,38.9596,0.0,6.68479,0.0,7.99411,738.601,0.0,10957
159,0.978486,-0.0632477,-0.196379,8139.98,7862.57,0,277.407,0.0,0.0,0.0,0.0,1139.69,0.0,11654
160,-0.780928,0.208708,0.588721,5067.15,4696.74,0,370.407,0.0,0.0,0.0,0.0,694.193,0.0,10337
161,0.636346,-0.745828,0.19699,8503.97,7769.91,0,125.009,0.0,185.555,423.498,0.0,1189.3,0.0,12241
162,-0.520423,-0.543796,-0.658366,3949.22,3570.78,0,378.432,0.0,0.0,0.0,0.0,542.305,0.0,8206
163,0.354119,-0.700905,0.619138,4502.59,4106.45,0,396.139,0.0,0.0,0.0,0.0,617.546,0.0,9046
164,0.362614,-0.414732,0.834571,2950.36,2694.34,0,256.018,0.0,0.0,0.0,0.0,400.134,0.0,7354
165,-0.713332,-0.471527,-0.518478,5485.86,5315.52,0,170.339,0.0,0.0,0.0,0.0,753.434,0.0,10660
166,-0.450998,0.236861,0.860522,3754.74,2917.31,0,256.535,0.0,106.08,199.703,275.114,509.023,0.0,9475
167,0.590766,0.727397,0.349125,6594.76,6180.88,0,413.879,0.0,0.0,0.0,0.0,912.55,0.0,11461
168,0.833598,0.546906,-0.0775138,12155.5,11051.7,0,654.856,0.0,101.719,347.273,0.0,1703.56,0.0,16348
169,-0.853617,-0.0692397,-0.516278,5838.16,4931.13,0,300.339,0.0,41.6249,414.268,150.805,801.35,0.0,11436
170,-0.433308,0.250786,0.86565,3332.17,3145.85,0,109.215,0.0,46.3528,0.0,30.7483,449.599,0.0,8556
171,0.955814,0.182851,0.230186,6848.71,6694.02,0,154.687,0.0,0.0,0.0,0.0,957.524,0.0,10010
172,-0.65443,-0.755484,-0.0310499,13564.6,12405.2,0,424.223,0.0,144.984,590.201,0.0,1904.67,0.0,17137
173,-0.718909,-0.691882,-0.0668445,13443.3,12838.4,0,189.474,0.0,106.558,308.945,0.0,1884.37,0.0,17326
174,-0.109022,-0.989513,-0.0947535,10056.3,8263.91,0,323.975,44.7185,411.701,619.671,392.326,1409.67,0.0,13884
175,0.271656,-0.592978,0.75801,3958.76,3424.61,0,534.15,0.0,0.0,0.0,0.0,540.306,0.0,8725
176,-0.952227,-0.293582,-0.084107,10422.2,9560.48,0,237.697,0.0,300.981,323.089,0.0,1462.12,0.0,14069
177,0.924914,-0.147237,0.350506,6365.93,5545.66,0,332.595,0.0,0.0,91.8292,395.848,885.389,0.0,10636
178,0.697969,0.669101,0.255232,6800.71,6680.75,0,119.963,0.0,0.0,0.0,0.0,948.575,0.0,10597
179,-0.27601,0.960473,-0.0361973,10741.3,8883.58,0,624.767,0.0,208.618,626.436,397.879,1503.8,0.0,14587
180,-0.323229,0.0366213,0.945612,3963.93,3210.1,0,88.4108,0.0,213.311,452.114,0.0,521.942,0.0,13766
181,0.432164,-0.846068,-0.312094,6462.77,6380.37,0,82.395,0.0,0.0,0.0,0.0,899.345,0.0,10549
182,0.840973,-0.126325,0.526124,5657.84,5150.19,0,296.235,0.0,106.102,105.311,0.0,779.847,0.0,10929
183,0.0711709,-0.236485,0.969025,3717.69,3061.41,0,340.87,0.0,105.391,210.015,0.0,488.224,0.0,13231
184,-0.608231,-0.587882,0.533338,5749.51,4918.23,0,315.331,0.0,105.753,410.203,0.0,791.322,0.0,10841
185,0.0656178,-0.978225,0.196901,9489.18,9307.93,0,181.249,0.0,0.0,0.0,0.0,1329.95,0.0,12930
186,-0.219647,-0.975527,-0.010107,9361.5,9052.7,0,308.802,0.0,0.0,0.0,0.0,1312.6,0.0,12667
187,0.189312,0.972464,0.135925,9587.72,8973.1,0,340.068,0.0,103.129,171.416,0.0,1343.94,0.0,13410
188,-0.426369,0.83712,-0.342695,6389.71,6016.69,0,373.027,0.0,0.0,0.0,0.0,883.757,0.0,11399
189,0.792832,0.195971,-0.577073,5538.83,5266.2,0,272.628,0.0,0.0,0.0,0.0,760.91,0.0,11050
190,-0.572826,-0.243157,-0.78278,4043.22,3309.31,0,386.483,0.0,106.666,240.765,0.0,550.738,0.0,9189
191,-0.352706,-0.788859,-0.503289,5364.2,5029.47,0,334.722,0.0,0.0,0.0,0.0,739.857,0.0,9871
192,-0.192629,0.90748,0.373329,6048.03,5987.86,0,60.1679,0.0,0.0,0.0,0.0,836.155,0.0,10531
193,0.483481,0.872527,-0.0703125,10574.3,10339.5,0,234.873,0.0,0.0,0.0,0.0,1483.96,0.0,14265
194,-0.268397,-0.93747,-0.221617,8841.8,8635.42,0,206.376,0.0,0.0,0.0,0.0,1238.02,0.0,12462
195,0.25404,-0.817242,-0.51728,5830.54,5662.11,0,168.422,0.0,0.0,0.0,0.0,803.995,0.0,10924
196,0.720016,0.685163,0.110131,13628.2,12862.5,0,537.258,0.0,106.691,121.726,0.0,1909.6,0.0,18264
197,-0.0226927,0.989775,-0.140817,8718.71,8134.92,0,387.505,0.0,0.0,196.284,0.0,1221.88,0.0,12154
198,0.899293,0.401356,0.173741,9758.1,9650.18,0,107.915,0.0,0.0,0.0,0.0,1367.5,0.0,13214
199,-0.609394,0.444741,0.656388,4262.05,3906.42,0,355.635,0.0,0.0,0.0,0.0,583.609,0.0,8963
200,-0.359624,0.0391081,0.932277,3350.85,3032.46,0,318.391,0.0,0.0,0.0,0.0,447.284,0.0,10173
201,-0.347273,-0.860912,0.371795,7231.98,6325.0,0,99.3537,0.0,106.324,199.803,501.5,1004.02,0.0,12257
202,0.719813,-0.235657,0.652943,4990.48,4360.64,0,391.997,0.0,107.781,10.3627,119.693,683.36,0.0,10561
203,-0.0112759,0.354946,-0.934819,3432.29,2864.18,0,568.114,0.0,0.0,0.0,0.0,456.155,0.0,10782
204,0.870759,-0.47857,-0.112915,10809.7,10723.5,0,86.2527,0.0,0.0,0.0,0.0,1516.5,0.0,14327
205,-0.794962,-0.282012,-0.537126,5704.22,5325.74,0,378.478,0.0,0.0,0.0,0.0,783.587,0.0,10874
206,0.312131,-0.860455,-0.40273,6392.5,5994.36,0,398.144,0.0,0.0,0.0,0.0,883.185,0.0,11507
207,0.672732,0.188777,0.715398,5115.78,4495.12,0,63.0389,0.0,106.488,451.132,0.0,694.515,0.0,12575
208,-0.953403,0.286494,0.0945716,8984.96,8847.89,0,137.064,0.0,0.0,0.0,0.0,1261.35,0.0,12265
209,-0.731832,-0.152084,-0.664299,4762.2,4354.79,0,292.975,0.0,106.34,8.09988,0.0,650.37,0.0,10195
210,0.200083,-0.336983,-0.920005,3492.07,2821.89,0,176.776,0.0,0.0,144.251,349.161,455.267,0.0,13572
211,-0.85199,-0.000969382,0.523557,6174.11,5461.54,0,468.633,0.0,106.603,137.332,0.0,848.484,0.0,11995
212,0.710869,-0.693105,-0.119461,16830.2,15402.6,0,392.117,0.0,210.674,824.725,0.0,2358.28,0.0,21873
213,-0.628073,-0.757667,0.177385,11212.9,10796.7,0,183.375,0.0,100.626,132.191,0.0,1573.52,0.0,14750
214,-0.764163,0.625152,-0.158872,9151.41,8893.72,0,257.684,0.0,0.0,0.0,0.0,1285.34,0.0,12256
215,-0.276541,-0.959762,0.0488107,8500.01,8342.34,0,157.669,0.0,0.0,0.0,0.0,1190.07,0.0,11833
216,0.658933,-0.752196,-0.00273492,12879.2,12475.8,0,180.302,0.0,106.145,116.991,0.0,1810.69,0.0,16314
217,0.0220243,0.82425,0.565798,5792.72,5156.18,0,256.68,0.0,212.859,167.0,0.0,795.932,0.0,11466
218,-0.0545275,-0.679367,0.73177,4033.62,3799.86,0,233.766,0.0,0.0,0.0,0.0,548.998,0.0,9259
219,-0.0937,0.65904,-0.746248,3793.28,3615.51,0,177.775,0.0,0.0,0.0,0.0,515.872,0.0,8780
220,-0.967538,-0.0153598,-0.252258,7282.71,7023.27,0,259.444,0.0,0.0,0.0,0.0,1016.73,0.0,11144
221,0.796991,-0.357908,0.486525,5505.24,4988.42,0,357.771,0.0,0.0,66.4455,92.6051,760.171,0.0,9857
222,0.471958,0.277977,0.836651,4440.6,3655.07,0,315.196,0.0,106.691,363.642,0.0,602.927,0.0,10738
223,0.426343,0.871213,0.243351,8045.72,7785.75,0,259.97,0.0,0.0,0.0,0.0,1125.01,0.0,12066
224,-0.563985,0.624349,0.540471,5640.41,5415.88,0,55.1311,0.0,97.468,71.9283,0.0,773.952,0.0,11509
225,0.993922,-0.109961,0.00522876,9645.35,9279.61,0,56.3396,0.0,106.623,202.779,0.0,1349.95,0.0,13624
226,0.795983,0.257396,-0.547867,6210.35,5116.67,0,304.833,0.0,0.0,366.862,421.993,853.81,0.0,12312
227,-0.914931,0.197917,0.351753,6772.66,6207.35,0,342.016,0.0,0.0,20.0003,203.296,937.323,0.0,11951
228,-0.037909,-0.504542,0.862554,3804.99,3432.98,0,372.009,0.0,0.0,0.0,0.0,511.8,0.0,10403
229,-0.140692,0.00135123,-0.990053,2785.35,2574.27,0,211.083,0.0,0.0,0.0,0.0,356.62,0.0,12527
230,-0.967153,0.214803,0.135922,10094.6,9038.33,0,255.992,0.0,207.231,470.613,122.417,1415.34,0.0,13902
231,-0.906162,-0.372928,0.199488,7659.81,7574.59,0,85.2206,0.0,0.0,0.0,0.0,1072.74,0.0,10551
232,0.163882,-0.96584,-0.200739,7882.63,7156.85,0,465.708,0.0,105.592,154.476,0.0,1104.97,0.0,11173
233,0.418195,0.898034,-0.136556,9505.96,8888.31,0,258.866,0.0,106.662,252.128,0.0,1332.93,0.0,12817
234,0.532423,-0.111325,-0.839126,3306.66,3060.42,0,246.246,0.0,0.0,0.0,0.0,447.78,0.0,8282
235,0.84194,0.135291,-0.522334,5836.99,5295.96,0,306.057,0.0,105.658,129.32,0.0,801.462,0.0,11885
236,0.795595,-0.604681,-0.0372772,13344.0,12579.5,0,429.253,0.0,79.9696,255.291,0.0,1871.2,0.0,17271
237,0.266009,-0.828923,-0.492063,5667.75,5403.74,0,264.006,0.0,0.0,0.0,0.0,782.773,0.0,10361
238,0.0293032,-0.25798,-0.965706,2747.73,2586.39,0,161.334,0.0,0.0,0.0,0.0,358.754,0.0,10317
239,0.317406,-0.91668,-0.242797,7705.26,7135.99,0,95.9105,0.0,94.0756,105.255,274.039,1076.63,0.0,11395
240,-0.864016,0.499234,0.0651303,10544.7,10000.7,0,336.294,0.0,105.851,101.819,0.0,1480.11,0.0,13616
241,-0.308339,-0.913052,-0.266952,7428.17,7050.99,0,377.178,0.0,0.0,0.0,0.0,1034.09,0.0,11764
242,-0.987748,-0.045381,0.149316,10671.5,9628.15,0,253.045,0.0,201.976,588.372,0.0,1494.62,0.0,14898
243,0.114799,0.129041,0.984972,3485.03,3374.91,0,110.124,0.0,0.0,0.0,0.0,453.7,0.0,13434
244,0.110052,-0.629221,0.769396,4346.22,3578.55,0,143.55,0.0,0.0,332.06,292.066,592.371,0.0,9938
245,0.943026,-0.332514,0.0116413,8679.87,8354.51,0,325.354,0.0,0.0,0.0,0.0,1218.09,0.0,11878
246,-0.386191,0.730862,-0.562758,5481.13,5250.77,0,230.357,0.0,0.0,0.0,0.0,753.599,0.0,10771
247,-0.117115,0.985385,-0.123693,8423.63,8314.3,0,109.324,0.0,0.0,0.0,0.0,1181.66,0.0,11570
248,0.736533,0.672365,0.0737832,16690.6,15643.9,0,498.753,0.0,198.384,349.549,0.0,2334.4,0.0,22354
249,-0.83335,0.41283,0.367559,7125.19,6183.86,0,342.647,0.0,209.997,168.119,220.559,987.586,0.0,12455
250,-0.675118,-0.00172136,0.737708,3466.79,3181.88,0,284.901,0.0,0.0,0.0,0.0,473.506,0.0,7650
251,0.332945,-0.735229,-0.590411,5041.28,4926.66,0,114.62,0.0,0.0,0.0,0.0,691.553,0.0,9944
252,-0.633275,-0.493932,0.595813,5127.39,4836.27,0,291.122,0.0,0.0,0.0,0.0,702.309,0.0,10733
253,0.0575946,-0.128768,0.990001,3003.81,2883.76,0,120.057,0.0,0.0,0.0,0.0,385.889,0.0,13188
254,-0.239848,0.893996,-0.378475,7304.66,6606.4,0,373.163,0.0,196.921,128.174,0.0,1012.9,0.0,12659
255,-0.1471,-0.91908,-0.365586,6328.8,5695.58,0,347.858,0.0,105.653,179.708,0.0,876.528,0.0,11108
256,0.845491,0.288685,0.449227,5626.62,5623.31,0,3.30709,0.0,0.0,0.0,0.0,776.719,0.0,10436
257,0.344717,0.289449,0.892967,3837.23,3043.01,0,327.488,0.0,71.7277,395.003,0.0,504.417,0.0,13445
258,0.247995,0.0403678,0.96792,2658.33,2507.89,0,150.441,0.0,0.0,0.0,0.0,345.355,0.0,10698
259,-0.888215,0.0697033,-0.45411,5814.42,5563.77,0,250.646,0.0,0.0,0.0,0.0,803.794,0.0,10567
260,0.0514541,0.430029,0.901348,3493.26,3072.28,0,420.982,0.0,0.0,0.0,0.0,468.056,0.0,9823
261,0.246265,-0.318598,0.915341,2675.99,2350.34,0,325.65,0.0,0.0,0.0,0.0,358.231,0.0,8042
262,-0.0855297,0.889796,0.448272,5932.37,5595.18,0,46.1613,0.0,102.985,188.046,0.0,818.669,0.0,11077
263,-0.971776,-0.0492211,-0.230712,8824.56,8211.91,0,612.655,0.0,0.0,0.0,0.0,1232.53,0.0,12771
264,0.734647,-0.294834,0.611038,5004.39,4435.64,0,568.752,0.0,0.0,0.0,0.0,685.738,0.0,10355
265,0.490512,-0.346622,0.799532,4481.21,4022.67,0,234.104,0.0,77.2997,147.133,0.0,609.38,0.0,10318
266,-0.798159,-0.279194,0.533847,5514.52,4921.05,0,282.132,0.0,106.674,75.7586,128.905,757.648,0.0,11161
267,0.120973,-0.162275,0.979302,3865.56,3084.6,0,384.53,169.836,114.3,112.011,0.0,503.554,0.288,14937
268,-0.332688,-0.839211,-0.430166,6342.38,5670.3,0,112.105,0.0,212.188,347.787,0.0,873.269,0.0,12089
269,-0.800258,0.214004,-0.560169,5396.89,4702.04,0,118.57,0.0,90.1947,49.3839,436.698,741.249,0.0,10710
270,0.968433,0.236995,0.0772674,11675.8,10866.4,0,280.571,0.0,166.424,362.42,0.0,1633.84,0.0,16249
271,0.101449,0.485933,0.868088,3567.19,2902.42,0,182.278,59.0797,105.69,317.727,0.0,479.516,0.0,9789
272,0.63017,0.0548258,-0.774519,3832.01,3603.73,0,228.281,0.0,0.0,0.0,0.0,522.533,0.0,8595
273,0.755578,-0.0320986,0.654272,4334.23,3919.89,0,414.333,0.0,0.0,0.0,0.0,593.438,0.0,9047
274,-0.254606,-0.789086,-0.559034,5778.53,5398.35,0,380.181,0.0,0.0,0.0,0.0,794.204,0.0,11127
275,0.859282,0.485675,0.160483,9460.53,9176.43,0,284.099,0.0,0.0,0.0,0.0,1328.04,0.0,12503
276,0.35907,-0.0554261,0.931663,2882.61,2584.35,0,298.261,0.0,0.0,0.0,0.0,382.948,0.0,9156
277,-0.637684,0.115308,-0.761619,3680.41,3556.56,0,123.851,0.0,0.0,0.0,0.0,500.001,0.0,8721
278,0.81065,-0.468499,0.351221,6418.54,6323.17,0,95.3628,0.0,0.0,0.0,0.0,888.493,0.0,11623
279,-0.723922,-0.459381,0.51469,5541.98,5488.97,0,53.0056,0.0,0.0,0.0,0.0,763.191,0.0,10576
280,0.956431,-0.129726,0.261556,8291.36,7268.14,0,136.239,0.0,212.99,320.258,353.737,1160.04,0.0,11984
281,0.241013,0.50946,0.826053,3981.81,3681.7,0,300.106,0.0,0.0,0.0,0.0,540.32,0.0,9723
282,0.734297,0.186533,0.652697,5509.92,4927.94,0,363.563,0.0,106.665,111.756,0.0,752.292,0.0,11864
283,-0.205731,0.776831,-0.595154,4886.05,4509.78,0,376.268,0.0,0.0,0.0,0.0,669.782,0.0,10045
284,-0.807203,0.202094,0.5546,6136.62,5378.48,0,499.562,0.0,106.674,151.899,0.0,844.808,0.0,11630
285,0.336582,-0.197005,0.920816,3066.4,2766.42,0,299.978,0.0,0.0,0.0,0.0,406.452,0.0,9965
286,-0.589166,0.0640026,0.805473,4074.5,2906.0,0,282.938,0.0,106.42,0.0,779.141,558.501,0.0,8604
287,0.377527,-0.351331,0.856762,3272.05,3133.57,0,138.487,0.0,0.0,0.0,0.0,441.748,0.0,8534
288,-0.334781,-0.786862,-0.51843,5558.06,5337.8,0,220.257,0.0,0.0,0.0,0.0,765.512,0.0,10466
289,-0.986458,-0.158978,0.0403413,9062.2,8987.96,0,74.2355,0.0,0.0,0.0,0.0,1270.54,0.0,12411
290,0.264873,0.942633,0.203189,9419.92,8992.57,0,211.845,0.0,106.625,108.873,0.0,1318.14,0.0,13170
291,0.44167,-0.503278,-0.742724,3857.31,3557.21,0,300.1,0.0,0.0,0.0,0.0,525.206,0.0,8912
292,0.922322,0.334881,0.192811,9534.74,9272.15,0,262.59,0.0,0.0,0.0,0.0,1336.74,0.0,13013
293,0.0841427,-0.317528,0.944508,3133.24,2910.22,0,223.021,0.0,0.0,0.0,0.0,415.757,0.0,10232
294,0.372646,-0.913123,-0.165351,9128.62,8629.89,0,186.702,0.0,106.182,205.838,0.0,1283.45,0.0,12482
295,-0.873363,0.479704,-0.0843876,9691.87,9554.32,0,29.2529,0.0,106.688,1.61694,0.0,1361.32,0.0,12634
296,0.386641,-0.74468,-0.544022,5077.08,4820.0,0,257.075,0.0,0.0,0.0,0.0,698.099,0.0,9909
297,-0.638656,-0.662215,-0.391905,6266.04,6122.06,0,143.98,0.0,0.0,0.0,0.0,863.992,0.0,11502
298,-0.174966,0.55623,0.812401,3947.92,3590.66,0,357.263,0.0,0.0,0.0,0.0,534.93,0.0,9670
299,-0.096659,-0.654606,0.749766,5305.37,3680.63,0,343.17,0.0,213.362,241.412,826.802,717.439,0.0,13631
300,0.927777,-0.332152,0.170015,9448.65,9248.07,0,200.573,0.0,0.0,0.0,0.0,1325.12,0.0,12881
301,0.307214,-0.558879,0.770242,3526.84,3348.77,0,178.076,0.0,0.0,0.0,0.0,479.954,0.0,8124
302,-0.648087,0.539988,-0.537026,5759.88,5202.06,0,407.482,0.0,106.255,44.0752,0.0,791.178,0.0,11521
303,0.998315,-0.0410235,0.0410408,10083.4,9385.4,0,70.8165,0.0,166.573,460.659,0.0,1413.19,0.0,13804
304,-0.232394,0.225876,0.94603,3347.37,3128.22,0,219.147,0.0,0.0,0.0,0.0,437.017,0.0,12614
305,-0.0606817,0.883671,0.464158,6181.8,5077.67,0,390.655,0.0,105.96,607.508,0.0,851.833,0.0,11509
306,-0.110561,-0.823159,0.556943,5397.77,5028.47,0,369.294,0.0,0.0,0.0,0.0,743.316,0.0,10348
307,0.0867727,0.75805,-0.646399,4238.66,3909.91,0,328.753,0.0,0.0,0.0,0.0,580.122,0.0,8967
308,0.246262,0.839214,-0.484845,6082.87,5679.65,0,281.806,0.0,106.596,14.8268,0.0,838.203,0.0,11610
309,0.477179,0.235335,-0.84671,3158.04,2894.52,0,263.516,0.0,0.0,0.0,0.0,427.663,0.0,8073
310,-0.797433,0.350171,0.491408,5515.14,5445.44,0,69.7027,0.0,0.0,0.0,0.0,760.896,0.0,10261
311,0.205032,0.967131,0.150395,10146.9,9481.97,0,13.4907,0.0,106.691,225.498,319.259,1421.51,0.0,14001
312,0.912777,-0.3963,-0.0989162,11409.4,10511.0,0,173.006,0.0,213.069,512.282,0.0,1601.52,0.0,14878
313,-0.240614,-0.696367,-0.676149,4758.72,3940.96,0,173.507,0.0,106.685,354.898,182.667,650.85,0.0,10345
314,0.755688,-0.1764,-0.630729,4846.43,4632.02,0,90.3473,0.0,106.09,17.9729,0.0,663.778,0.0,9953
315,-0.947431,-0.199846,0.249872,8265.96,7877.96,0,84.0617,0.0,95.7327,208.2,0.0,1156.69,0.0,12025
316,0.112731,-0.962911,-0.245142,7200.84,7029.65,0,171.192,0.0,0.0,0.0,0.0,1003.77,0.0,10900
317,-0.900837,0.0467273,-0.431635,5688.07,5534.46,0,153.615,0.0,0.0,0.0,0.0,784.917,0.0,10588
318,-0.287838,0.0668476,0.955343,3467.96,3245.15,0,222.81,0.0,0.0,0.0,0.0,456.769,0.0,12220
319,0.415775,-0.82088,-0.391518,5754.74,5630.65,0,124.094,0.0,0.0,0.0,0.0,794.134,0.0,10678
320,-0.566312,-0.784848,0.251603,8891.9,7860.32,0,156.89,0.0,315.869,558.819,0.0,1241.59,0.0,13069
321,-0.262134,-0.866713,0.424374,6102.03,5364.87,0,152.207,0.0,213.221,371.728,0.0,843.881,0.0,11292
322,0.877644,0.32677,0.35066,6344.94,6118.99,0,225.942,0.0,0.0,0.0,0.0,879.65,0.0,10982
323,-0.0216547,0.982989,0.182386,8563.67,8441.35,0,122.317,0.0,0.0,0.0,0.0,1200.42,0.0,11843
324,0.380362,-0.588508,0.713431,4041.73,3420.89,0,620.84,0.0,0.0,0.0,0.0,552.689,0.0,8778
325,0.562288,0.198753,0.802701,3245.25,2758.89,0,486.358,0.0,0.0,0.0,0.0,442.013,0.0,7578
326,-0.483489,-0.00700369,0.875323,3247.14,3166.17,0,80.9711,0.0,0.0,0.0,0.0,437.589,0.0,8473
327,0.28385,0.958359,-0.0312777,9396.42,9073.62,0,322.801,0.0,0.0,0.0,0.0,1316.24,0.0,12721
328,-0.42078,0.1154,0.899793,3174.71,3174.25,0,0.451415,0.0,0.0,0.0,0.0,427.196,0.0,8708
329,0.695339,-0.20376,-0.689192,3829.16,3669.99,0,159.17,0.0,0.0,0.0,0.0,524.651,0.0,8361
330,0.957527,-0.288306,0.00470702,12407.8,11232.5,0,329.019,63.6153,178.479,530.661,73.4727,1735.05,0.0,17235
331,0.388981,-0.0414526,0.920313,3363.32,3014.7,0,348.621,0.0,0.0,0.0,0.0,450.691,0.0,9445
332,-0.759969,0.552932,0.341633,6407.0,6058.39,0,348.612,0.0,0.0,0.0,0.0,888.123,0.0,11092
333,-0.822626,0.32759,0.464727,6119.85,5669.12,0,254.571,0.0,106.691,89.4698,0.0,843.534,0.0,11761
334,0.147995,0.934068,0.324983,6482.66,5757.1,0,301.513,0.0,102.842,321.208,0.0,897.946,0.0,11285
335,0.163644,-0.466703,0.869143,3244.5,3138.4,0,106.101,0.0,0.0,0.0,0.0,437.777,0.0,8472
336,0.697619,-0.353141,-0.623393,4338.28,4163.89,0,174.384,0.0,0.0,0.0,0.0,595.562,0.0,8870
337,-0.317296,-0.0540978,-0.946782,2910.93,2689.3,0,221.633,0.0,0.0,0.0,0.0,385.085,0.0,9799
338,0.705575,0.5973,0.38131,5865.58,5736.24,0,129.334,0.0,0.0,0.0,0.0,811.029,0.0,10484
339,0.961141,-0.273327,-0.0387452,10407.3,9752.3,0,122.709,0.0,182.768,349.543,0.0,1461.31,0.0,13759
340,-0.206383,0.637128,0.742613,4229.89,3533.58,0,259.116,0.0,106.672,330.524,0.0,574.738,0.0,10228
341,-0.113096,0.175399,-0.97798,3009.64,2889.4,0,120.233,0.0,0.0,0.0,0.0,391.841,0.0,11491
342,-0.130564,-0.285774,0.949361,2990.32,2776.45,0,213.869,0.0,0.0,0.0,0.0,393.648,0.0,10497
343,0.123814,0.990151,-0.0653583,10247.3,9746.54,0,238.21,0.0,106.647,155.895,0.0,1434.5,0.0,14325
344,-0.484529,0.837501,-0.252632,9508.49,9360.06,0,148.439,0.0,0.0,0.0,0.0,1329.45,0.0,13553
345,-0.659344,-0.722779,0.207016,10265.2,9654.16,0,56.2175,0.0,166.272,388.504,0.0,1434.84,0.0,14772
346,-0.198078,0.397593,0.895927,2863.18,2851.84,0,11.3461,0.0,0.0,0.0,0.0,384.733,0.0,8063
347,0.666871,0.501994,0.550714,5377.43,5230.67,0,5.71102,0.0,83.7251,57.3297,0.0,740.257,0.0,10341
348,-0.176093,0.438851,0.881136,3439.93,3238.91,0,201.029,0.0,0.0,0.0,0.0,464.065,0.0,9028
349,-0.138528,-0.696051,0.704502,4392.9,3537.53,0,401.63,0.0,0.0,139.025,314.71,601.379,0.0,9457
350,-0.863625,-0.415818,-0.285038,7847.71,7493.64,0,354.065,0.0,0.0,0.0,0.0,1090.9,0.0,12536
351,-0.925248,-0.259,-0.27719,7121.63,7063.68,0,57.9476,0.0,0.0,0.0,0.0,990.459,0.0,11734
352,0.740303,-0.658406,-0.135839,13819.1,12925.9,0,462.139,0.0,212.512,218.609,0.0,1937.49,0.0,18103
353,-0.232777,-0.705681,-0.6692,4176.93,3978.71,0,198.22,0.0,0.0,0.0,0.0,572.627,0.0,8795
354,0.560666,-0.787384,0.256279,8425.03,7919.09,0,117.462,0.0,106.485,281.989,0.0,1177.13,0.0,12452
355,-0.415895,0.06789,-0.906875,3577.8,3558.73,0,19.0635,0.0,0.0,0.0,0.0,478.722,0.0,10258
356,-0.206672,-0.445497,-0.871102,3446.15,3210.42,0,235.736,0.0,0.0,0.0,0.0,465.534,0.0,8981
357,0.304825,0.793832,0.526224,5418.17,5351.35,0,66.8189,0.0,0.0,0.0,0.0,743.718,0.0,10515
358,-0.474872,0.828651,-0.296368,7390.37,7220.78,0,169.59,0.0,0.0,0.0,0.0,1030.8,0.0,11375
359,-0.751642,0.12966,-0.646702,3983.32,3846.56,0,136.763,0.0,0.0,0.0,0.0,545.704,0.0,8374
360,-0.0515814,0.0697633,-0.996229,3321.65,2599.79,0,433.004,0.0,105.239,183.608,0.0,426.863,0.0,14092
361,0.502958,-0.793426,-0.342796,6239.75,6004.82,0,234.922,0.0,0.0,0.0,0.0,863.425,0.0,11198
362,0.535947,-0.185649,0.823587,3798.89,3319.8,0,59.7444,0.0,0.0,355.513,63.8357,515.154,0.0,9254
363,-0.899101,0.205206,0.386662,6456.01,5962.85,0,359.817,0.0,106.179,27.1614,0.0,893.826,0.0,11953
364,0.948241,-0.311482,-0.0617883,11512.3,10279.5,0,308.841,0.0,319.843,604.081,0.0,1610.44,0.0,16459
365,-0.0762843,-0.751498,-0.655311,4432.41,3970.34,0,462.075,0.0,0.0,0.0,0.0,606.727,0.0,9509
366,-0.271931,-0.935822,-0.224256,8454.26,8047.17,0,103.566,0.0,104.73,198.793,0.0,1181.91,0.0,12370
367,-0.379249,-0.0845621,0.921423,3182.58,2807.77,0,374.814,0.0,0.0,0.0,0.0,426.161,0.0,9412
368,0.843695,0.405706,-0.351541,6119.09,5812.67,0,306.414,0.0,0.0,0.0,0.0,847.171,0.0,10854
369,0.677157,-0.571302,0.463759,5577.39,5353.09,0,85.6245,0.0,106.244,32.4328,0.0,769.577,0.0,10514
370,0.938684,-0.334479,0.0836483,9431.97,8897.19,0,123.68,0.0,89.6379,321.461,0.0,1321.14,0.0,13153
371,-0.239514,-0.810611,-0.534362,5570.97,5097.56,0,153.556,0.0,78.8373,241.011,0.0,766.484,0.0,11137
372,-0.761557,0.386413,0.520304,5899.07,5502.96,0,396.103,0.0,0.0,0.0,0.0,813.135,0.0,11083
373,0.0555962,0.775369,0.629057,5199.06,4463.89,0,419.32,0.0,106.691,209.163,0.0,712.849,0.0,10588
374,-0.0488957,-0.106687,0.99309,3061.56,2944.91,0,116.651,0.0,0.0,0.0,0.0,389.021,0.0,14488
375,-0.645179,-0.397825,-0.652287,4260.65,4196.6,0,64.054,0.0,0.0,0.0,0.0,584.477,0.0,8624
376,-0.800477,-0.377694,0.465385,5832.98,5281.91,0,347.981,0.0,106.457,96.6358,0.0,805.175,0.0,10600
377,0.570967,-0.434269,0.696711,4203.31,4053.85,0,149.456,0.0,0.0,0.0,0.0,575.5,0.0,8940
378,-0.0120788,0.232417,-0.972541,2959.27,2804.5,0,154.769,0.0,0.0,0.0,0.0,385.556,0.0,11386
379,-0.627112,0.537885,0.563391,5194.38,4989.24,0,205.132,0.0,0.0,0.0,0.0,713.908,0.0,10202
380,-0.20426,0.919333,-0.33631,6117.74,6025.31,0,92.4229,0.0,0.0,0.0,0.0,845.313,0.0,11098
381,0.497556,0.249026,-0.830918,3248.61,2977.44,0,271.169,0.0,0.0,0.0,0.0,438.598,0.0,8251
382,0.412612,0.650233,-0.637925,5022.27,4939.18,0,83.0864,0.0,0.0,0.0,0.0,687.462,0.0,10311
383,0.672147,0.149488,0.72517,3796.18,3498.97,0,297.211,0.0,0.0,0.0,0.0,518.371,0.0,8481
384,0.676266,-0.717461,0.167077,8936.0,8763.88,0,172.117,0.0,0.0,0.0,0.0,1255.45,0.0,11867
385,-0.309578,-0.79319,-0.524415,5505.83,5416.92,0,88.9121,0.0,0.0,0.0,0.0,756.91,0.0,10984
386,-0.179073,-0.789813,0.586625,5854.47,5182.38,0,361.747,0.0,106.685,203.661,0.0,804.849,0.0,11596
387,-0.805011,-0.550748,0.220531,8250.91,7757.63,0,119.888,0.0,116.218,257.176,0.0,1152.57,0.0,12120
388,-0.578176,0.579767,-0.574093,5407.43,4623.47,0,386.774,0.0,105.822,291.372,0.0,742.056,0.0,11127
389,-0.789874,0.0393124,0.612008,5647.95,5215.03,0,121.535,0.0,112.369,140.658,58.3648,772.185,0.0,12130
390,-0.895332,0.0829373,0.437609,5790.92,5602.25,0,188.674,0.0,0.0,0.0,0.0,799.258,0.0,10594
391,-0.789032,-0.374425,-0.487067,5863.94,5507.02,0,356.921,0.0,0.0,0.0,0.0,808.55,0.0,10872
392,0.141747,-0.788326,-0.598707,5079.27,5056.48,0,22.7965,0.0,0.0,0.0,0.0,697.685,0.0,10098
393,0.345126,-0.923839,-0.165559,11412.6,9860.42,0,519.216,0.0,212.991,534.251,285.702,1597.51,0.0,15845
394,-0.64241,-0.117544,0.757293,3652.94,3472.23,0,180.712,0.0,0.0,0.0,0.0,497.871,0.0,8191
395,0.148096,0.802337,0.578206,5275.52,4464.84,0,111.25,0.0,106.377,364.733,228.317,724.553,0.0,10229
396,0.838064,0.119179,0.532395,4751.86,4603.82,0,148.037,0.0,0.0,0.0,0.0,654.61,0.0,9211
397,0.855179,-0.452422,0.252948,7163.02,6834.47,0,328.547,0.0,0.0,0.0,0.0,998.333,0.0,10838
398,-0.748121,0.662692,0.0339795,14901.0,14222.9,0,335.169,0.0,75.3528,267.64,0.0,2088.33,0.0,19375
399,-0.230124,0.121805,-0.965508,3339.72,2691.92,0,256.943,0.0,95.2026,295.655,0.0,434.479,0.0,13105
400,0.226693,-0.198389,0.953547,2912.86,2697.63,0,215.227,0.0,0.0,0.0,0.0,378.485,0.0,11454
401,0.255154,0.647352,0.718214,4228.65,3728.55,0,326.573,0.0,106.137,67.3946,0.0,577.411,0.0,9374
402,-0.908155,-0.0431174,0.416407,6297.58,5876.03,0,421.548,0.0,0.0,0.0,0.0,870.558,0.0,11190
403,0.0622333,-0.944313,0.323109,6414.76,6233.97,0,180.788,0.0,0.0,0.0,0.0,888.53,0.0,11311
404,0.0897064,-0.361199,-0.928164,3479.7,3042.82,0,216.335,35.9494,109.691,74.6119,0.0,466.0,0.288,9973
405,0.180971,0.502071,-0.84568,3230.2,3013.69,0,216.514,0.0,0.0,0.0,0.0,437.621,0.0,8104
406,0.373771,-0.64222,-0.669215,4191.6,3906.07,0,285.535,0.0,0.0,0.0,0.0,574.258,0.0,8917
407,0.925668,0.166719,-0.339623,6457.31,6197.91,0,259.407,0.0,0.0,0.0,0.0,895.743,0.0,11189
408,-0.932466,-0.359204,-0.038473,8563.86,8265.09,0,298.766,0.0,0.0,0.0,0.0,1202.57,0.0,11640
409,-0.153993,-0.100133,-0.982985,3175.98,2978.75,0,197.231,0.0,0.0,0.0,0.0,411.806,0.0,12857
410,-0.0902099,0.763097,-0.639957,4627.36,4573.75,0,53.6093,0.0,0.0,0.0,0.0,632.868,0.0,9914
411,0.144604,0.678945,-0.719808,4022.39,3662.21,0,360.175,0.0,0.0,0.0,0.0,549.96,0.0,8757
412,0.909247,-0.371509,-0.187751,10076.3,9384.77,0,250.074,0.0,106.296,335.138,0.0,1411.6,0.0,13889
413,0.169187,-0.753416,0.635405,5414.56,5166.46,0,248.097,0.0,0.0,0.0,0.0,742.159,0.0,11035
414,-0.0227113,-0.993034,-0.115619,10263.9,9234.74,0,262.505,0.0,207.158,559.488,0.0,1438.41,0.0,14032
415,0.554152,0.127303,-0.822624,3113.65,2894.46,0,219.196,0.0,0.0,0.0,0.0,422.839,0.0,7688
416,-0.425619,0.114018,-0.89769,4550.89,3608.96,0,311.249,22.7303,159.341,448.609,0.0,614.772,0.0,12234
417,-0.906567,-0.365377,-0.211272,7296.13,7037.36,0,258.774,0.0,0.0,0.0,0.0,1019.29,0.0,10806
418,0.870386,0.327575,-0.367591,5966.18,5665.31,0,300.872,0.0,0.0,0.0,0.0,821.682,0.0,11437
419,-0.982446,0.0772238,0.169813,8284.95,8153.41,0,131.54,0.0,0.0,0.0,0.0,1161.12,0.0,11822
420,-0.596431,0.324045,-0.734346,4000.41,3677.26,0,155.736,0.0,49.4966,117.924,0.0,545.426,0.0,9123
421,0.070902,-0.926121,-0.370502,7042.79,6041.55,0,180.058,0.0,85.798,467.419,267.96,971.946,0.0,13054
422,-0.9467,-0.31151,0.0819846,10304.6,9584.37,0,157.57,0.0,180.914,381.744,0.0,1442.75,0.0,14210
423,0.473592,0.0424569,-0.87972,3414.59,3324.92,0,89.6727,0.0,0.0,0.0,0.0,461.46,0.0,8884
424,-0.167614,-0.982398,-0.0824575,9274.78,9132.51,0,142.273,0.0,0.0,0.0,0.0,1297.58,0.0,13089
425,0.685567,-0.167085,0.708577,4383.67,4267.34,0,116.331,0.0,0.0,0.0,0.0,600.572,0.0,8897
426,-0.911868,-0.00620626,0.410438,5812.78,5485.78,0,327.002,0.0,0.0,0.0,0.0,803.672,0.0,10414
427,0.313454,-0.508496,-0.801984,3312.35,3279.51,0,32.8444,0.0,0.0,0.0,0.0,450.017,0.0,7906
428,0.0208837,-0.219843,-0.975312,2959.83,2801.23,0,158.599,0.0,0.0,0.0,0.0,383.041,0.0,11932
429,0.429377,0.902903,0.0200299,11369.9,10009.0,0,189.566,127.065,322.711,314.549,407.045,1593.66,0.01659,15408
430,0.459509,-0.883996,0.0860349,9856.12,9360.79,0,179.613,0.0,106.595,209.126,0.0,1383.88,0.0,13104
431,0.228665,-0.891769,-0.390462,6367.91,5841.98,0,128.835,0.0,106.686,290.41,0.0,882.309,0.0,11479
432,-0.444017,-0.42311,0.789827,3613.62,3180.65,0,432.976,0.0,0.0,0.0,0.0,491.452,0.0,8538
433,0.931452,0.032127,-0.362442,5798.36,5780.31,0,18.051,0.0,0.0,0.0,0.0,801.882,0.0,10513
434,0.20094,-0.568481,0.79778,4029.03,4024.25,0,4.77541,0.0,0.0,0.0,0.0,548.703,0.0,9329
435,-0.211036,-0.23335,-0.949216,3159.16,2861.43,0,297.723,0.0,0.0,0.0,0.0,410.761,0.0,12574
436,0.223267,-0.819812,0.527314,5187.0,5160.89,0,26.1125,0.0,0.0,0.0,0.0,713.828,0.0,10119
437,0.394806,0.592682,-0.702037,4825.89,4630.9,0,194.986,0.0,0.0,0.0,0.0,660.654,0.0,9945
438,-0.609178,0.0265263,-0.792589,3786.39,3757.56,0,28.8315,0.0,0.0,0.0,0.0,514.979,0.0,8879
439,-0.531508,-0.20194,0.82263,3411.16,3121.1,0,290.061,0.0,0.0,0.0,0.0,463.591,0.0,8038
440,-0.619356,0.691175,-0.37239,5966.47,5860.63,0,105.842,0.0,0.0,0.0,0.0,826.899,0.0,10469
441,0.264926,-0.0346626,0.963646,2967.85,2811.58,0,156.27,0.0,0.0,0.0,0.0,389.047,0.0,10809
442,-0.379325,-0.513852,0.76946,4117.8,3355.88,0,250.067,0.0,52.1856,459.666,0.0,560.943,0.0,9278
443,0.601234,-0.476537,-0.641428,5133.0,4412.89,0,186.645,0.0,106.163,282.951,144.345,703.528,0.0,10539
444,0.694937,-0.464009,-0.549326,6420.91,5305.73,0,212.423,0.0,172.622,730.132,0.0,882.145,0.0,12425
445,-0.115764,-0.505764,0.854869,3291.8,3057.38,0,234.418,0.0,0.0,0.0,0.0,444.179,0.0,8555
446,-0.633239,-0.701432,0.327112,6438.76,6195.07,0,243.692,0.0,0.0,0.0,0.0,891.511,0.0,11329
447,0.510442,-0.856248,0.0792952,12533.0,12142.1,0,186.063,0.0,99.766,105.035,0.0,1751.82,0.0,17971
448,0.920631,0.38355,0.072996,9214.43,8898.01,0,113.469,0.0,76.543,126.401,0.0,1294.56,0.0,12427
449,-0.695746,-0.0496161,-0.716572,3523.21,3198.95,0,324.263,0.0,0.0,0.0,0.0,481.439,0.0,7892
450,-0.210312,-0.319494,-0.923955,3402.65,3007.46,0,395.188,0.0,0.0,0.0,0.0,454.266,0.0,10084
451,0.746992,-0.596176,0.29424,7380.97,7283.02,0,97.9524,0.0,0.0,0.0,0.0,1024.51,0.0,12316
452,0.795026,0.602479,-0.0703781,11730.4,11378.8,0,351.523,0.0,0.0,0.0,0.0,1646.04,0.0,15354
453,0.00908677,0.0581276,0.998268,3053.42,2852.64,0,200.775,0.0,0.0,0.0,0.0,395.359,0.0,12472
454,-0.0403804,0.89262,0.448998,5943.29,5263.96,0,408.953,0.0,112.636,152.144,5.59439,821.154,0.0,11063
455,-0.777064,-0.542937,-0.318419,8061.05,7042.78,0,98.0063,0.0,306.299,613.971,0.0,1120.79,0.0,12903
456,0.251773,-0.53078,-0.809248,4838.41,4092.98,0,358.719,0.0,169.527,217.184,0.0,657.807,0.0,11593
457,0.369671,0.650059,0.663903,4076.54,3719.5,0,357.035,0.0,0.0,0.0,0.0,559.556,0.0,8269
458,-0.353886,0.771734,-0.528386,5185.95,4970.63,0,215.326,0.0,0.0,0.0,0.0,713.792,0.0,10157
459,-0.762665,-0.646793,0.000834319,12761.2,11983.6,0,472.537,0.0,94.9913,210.081,0.0,1792.31,0.0,16446
460,0.37105,-0.443669,0.815769,3484.31,3163.0,0,321.312,0.0,0.0,0.0,0.0,472.116,0.0,8545
461,0.834657,-0.403799,0.374558,6659.85,6269.36,0,390.493,0.0,0.0,0.0,0.0,921.034,0.0,11649
462,-0.434017,-0.318596,-0.84269,4098.64,3440.37,0,209.057,0.0,106.683,342.53,0.0,554.016,0.0,10469
463,-0.253571,-0.0733282,0.964533,2815.7,2631.21,0,184.487,0.0,0.0,0.0,0.0,363.901,0.0,11763
464,-0.488902,-0.0140293,0.872226,3368.09,3295.02,0,68.9956,0.0,0.0,0.0,4.084,454.739,0.0,8820
465,0.808173,-0.58855,-0.0215825,12528.0,11880.0,0,391.634,0.0,101.65,154.717,0.0,1757.19,0.0,16226
466,0.255734,-0.824828,-0.504241,5618.29,5565.04,0,53.2491,0.0,0.0,0.0,0.0,772.745,0.0,10692
467,0.267374,-0.234293,-0.934675,4100.98,3838.02,0,262.958,0.0,0.0,0.0,0.0,544.633,0.0,12987
468,-0.433974,-0.518389,-0.736845,4264.67,3904.09,0,360.577,0.0,0.0,0.0,0.0,581.655,0.0,9595
469,0.226574,-0.0079441,0.973961,2664.95,2480.24,0,184.715,0.0,0.0,0.0,0.0,345.895,0.0,10813
470,0.387927,0.912007,0.13325,9432.07,9093.44,0,104.646,33.5847,106.641,93.7613,0.0,1323.04,0.0,12836
471,-0.327449,0.656084,-0.67995,4233.01,3851.67,0,381.334,0.0,0.0,0.0,0.0,578.769,0.0,8995
472,-0.410905,-0.695572,0.589352,4942.49,4891.1,0,51.3927,0.0,0.0,0.0,0.0,678.281,0.0,9774
473,-0.603167,0.549336,0.57829,5407.29,5064.4,0,148.148,0.0,90.7111,104.031,0.0,740.427,0.0,11222
474,0.76106,-0.529978,-0.374048,5965.54,5842.15,0,123.388,0.0,0.0,0.0,0.0,825.208,0.0,10764
475,-0.615723,-0.782349,0.0938891,11817.0,11574.2,0,114.092,0.0,106.682,20.7584,1.22087,1659.06,0.0,15187
476,-0.997774,-0.0324449,0.0582564,9139.25,8669.57,0,134.061,0.0,106.62,229.001,0.0,1281.51,0.0,12600
477,-0.751666,-0.658202,-0.0420515,15409.6,14684.7,0,41.8299,0.0,209.59,473.438,0.0,2160.64,0.0,19624
478,0.286838,-0.155475,0.945279,2843.88,2575.82,0,268.065,0.0,0.0,0.0,0.0,373.891,0.0,10124
479,0.0746971,-0.325806,-0.942481,3512.2,3233.17,0,279.029,0.0,0.0,0.0,0.0,468.455,0.0,10540
480,0.93201,0.36219,0.0132751,9119.92,8991.41,0,128.502,0.0,0.0,0.0,0.0,1279.63,0.0,12353
481,0.399624,0.914973,-0.0558949,10244.4,9658.28,0,115.464,0.0,106.691,363.919,0.0,1437.45,0.0,13857
482,0.877214,0.471845,0.0886476,10666.0,9670.18,0,225.052,0.0,94.2739,676.505,0.0,1492.86,0.0,14755
483,0.775069,-0.312246,-0.549336,5315.51,5101.14,0,214.365,0.0,0.0,0.0,0.0,730.007,0.0,10467
484,-0.655652,-0.751741,-0.0707457,12047.7,11848.0,0,39.9972,0.0,106.261,53.4593,0.0,1693.42,0.0,15265
485,-0.0659433,0.00881564,-0.997784,3471.86,2894.39,0,139.282,0.0,106.577,331.611,0.0,451.234,0.0,13687
486,-0.831863,0.288814,-0.473909,5640.98,5453.25,0,187.732,0.0,0.0,0.0,0.0,777.728,0.0,10747
487,0.784118,0.54477,0.297295,6828.48,6750.74,0,77.7374,0.0,0.0,0.0,0.0,948.966,0.0,11180
488,-0.207297,0.347462,-0.914493,3133.31,2794.79,0,338.514,0.0,0.0,0.0,0.0,418.101,0.0,9462
489,0.16242,-0.394411,-0.904466,3868.26,3396.66,0,245.473,0.0,106.465,119.657,0.0,519.263,0.0,10781
490,-0.193025,-0.801203,0.566406,5813.84,4843.24,0,202.899,0.0,182.415,254.099,331.181,799.33,0.0,11533
491,0.652772,-0.080929,0.753219,3550.48,3324.48,0,226.006,0.0,0.0,0.0,0.0,485.312,0.0,7848
492,0.439777,0.732619,-0.519486,5722.11,5453.37,0,268.744,0.0,0.0,0.0,0.0,788.721,0.0,10728
493,-0.903044,0.0338419,-0.428213,6233.37,5780.7,0,258.415,0.0,0.0,194.255,0.0,860.368,0.0,11675
494,0.558882,-0.132366,-0.818615,3388.05,2910.5,0,477.545,0.0,0.0,0.0,0.0,460.081,0.0,8239
495,0.605187,-0.627184,0.490296,5612.43,5364.28,0,248.152,0.0,0.0,0.0,0.0,771.316,0.0,10807
496,-0.412524,0.708367,-0.572748,4869.47,4853.19,0,16.2793,0.0,0.0,0.0,0.0,667.36,0.0,9859
497,-0.146544,-0.294115,0.944469,3994.2,3658.68,0,98.1519,0.0,106.501,130.869,0.0,528.917,0.0,13275
498,-0.544292,-0.0365748,-0.838098,3272.22,3021.44,0,250.774,0.0,0.0,0.0,0.0,443.453,0.0,7953
499,-0.59017,0.202384,0.781498,3520.62,3461.57,0,59.0518,0.0,0.0,0.0,0.0,480.038,0.0,7982
500,-0.858174,-0.4698,-0.206944,10671.3,9847.33,0,96.7995,0.0,209.418,517.783,0.0,1491.12,0.0,15261
501,-0.487982,0.535367,0.689387,3790.39,3694.75,0,95.6473,0.0,0.0,0.0,0.0,518.313,0.0,8183
502,-0.064733,0.76156,-0.644853,3278.19,3205.0,0,73.1827,0.0,0.0,0.0,0.0,441.206,0.0,9119
503,-0.9268,-0.347518,-0.142386,10005.7,9800.62,0,45.9112,0.0,97.0157,62.1597,0.0,1401.87,0.0,13814
504,-0.72407,-0.5752,0.380615,6086.82,6025.42,0,61.394,0.0,0.0,0.0,0.0,842.415,0.0,10788
505,-0.828876,0.0661029,-0.555513,5106.27,5021.7,0,84.5687,0.0,0.0,0.0,0.0,703.54,0.0,9689
506,-0.488489,-0.0447438,0.871422,3973.47,2839.73,0,203.488,0.0,106.691,386.343,437.218,538.104,0.0,9917
507,0.540841,-0.531559,0.651872,5286.94,4891.06,0,83.1407,0.0,88.3978,224.337,0.0,720.421,0.0,11593
508,0.131717,0.925722,0.354526,7462.78,6570.54,0,224.74,0.0,106.016,446.844,114.643,1033.94,0.0,12673
509,-0.739893,0.619214,-0.262931,7281.57,7039.2,0,242.37,0.0,0.0,0.0,0.0,1015.18,0.0,11124
510,-0.742616,0.61622,-0.262286,7536.26,6685.86,0,21.9882,0.0,45.1025,329.121,454.189,1052.3,0.0,11197
511,-0.119441,-0.951357,0.283996,8864.27,8003.06,0,242.862,0.0,87.5505,530.799,0.0,1235.74,0.0,13406
512,-0.0535397,0.322492,-0.945057,2734.27,2459.6,0,274.672,0.0,0.0,0.0,0.0,360.307,0.0,9565
513,-0.330775,-0.322977,-0.886721,3485.21,3409.85,0,75.3532,0.0,0.0,0.0,0.0,469.775,0.0,9338
514,0.0368945,0.457124,-0.888637,3184.49,3157.26,0,27.2268,0.0,0.0,0.0,0.0,428.666,0.0,8957
515,0.580105,0.612156,-0.537348,5382.32,5273.51,0,108.803,0.0,0.0,0.0,0.0,740.657,0.0,10239
516,-0.385227,0.0108276,0.922758,3027.37,2702.14,0,325.222,0.0,0.0,0.0,0.0,404.709,0.0,8882
517,-0.325817,0.89351,0.309003,7478.13,7122.44,0,355.686,0.0,0.0,0.0,0.0,1036.69,0.0,12567
518,0.733144,-0.651001,0.196719,8727.45,8404.47,0,322.981,0.0,0.0,0.0,0.0,1222.24,0.0,12032
519,-0.879628,0.121673,0.459838,6239.04,5285.5,0,666.99,0.0,106.671,179.879,0.0,863.266,0.0,11269
520,0.0128054,0.319924,0.947357,4143.52,3419.15,0,329.326,0.0,106.65,288.396,0.0,555.364,0.0,11682
521,0.555959,-0.763965,0.327517,6367.06,6205.48,0,161.583,0.0,0.0,0.0,0.0,882.293,0.0,10924
522,-0.725661,-0.686589,-0.0448551,13249.9,11878.4,0,502.264,100.753,216.221,552.047,0.0,1858.78,0.288,17442
523,0.46936,-0.568752,-0.675442,4416.9,4000.97,0,415.937,0.0,0.0,0.0,0.0,603.912,0.0,9380
524,-0.364153,0.550741,0.75105,4232.98,3942.15,0,174.764,0.0,106.268,9.79411,0.0,578.115,0.0,9325
525,-0.73534,0.292099,-0.611517,4602.47,4315.97,0,286.506,0.0,0.0,0.0,0.0,630.042,0.0,9704
526,0.160262,-0.135888,0.977676,3388.64,3205.16,0,183.479,0.0,0.0,0.0,0.0,438.473,0.0,13503
527,-0.0597595,0.599297,0.798293,4693.64,4049.53,0,9.81171,0.0,103.457,530.846,0.0,635.01,0.0,11758
528,-0.834886,0.521804,0.175172,9684.26,9379.84,0,304.418,0.0,0.0,0.0,0.0,1358.12,0.0,13180
529,-0.748368,-0.640298,0.173099,8781.21,7135.07,0,182.987,0.0,294.446,927.88,240.827,1230.3,0.0,12034
530,-0.914501,-0.40035,-0.0583723,9951.77,9655.87,0,295.898,0.0,0.0,0.0,0.0,1394.29,0.0,13667
531,0.386404,-0.330012,-0.861269,3445.18,3360.95,0,84.2354,0.0,0.0,0.0,0.0,461.939,0.0,9621
532,0.208692,-0.302967,-0.92987,2981.19,2683.87,0,297.318,0.0,0.0,0.0,0.0,387.902,0.0,11692
533,0.888503,-0.000414327,0.45887,6036.18,5647.16,0,389.02,0.0,0.0,0.0,0.0,832.176,0.0,11334
534,0.770626,0.504959,0.388783,7230.48,6168.2,0,496.597,0.0,114.192,136.262,315.235,1001.93,0.0,12439
535,-0.958428,-0.0454054,0.281697,7339.36,6926.87,0,412.487,0.0,0.0,0.0,0.0,1023.77,0.0,11438
536,-0.212296,0.930605,-0.298169,7065.94,6847.21,0,218.735,0.0,0.0,0.0,0.0,983.778,0.0,11555
537,-0.512261,-0.306232,0.802378,3287.03,2967.49,0,319.54,0.0,0.0,0.0,0.0,447.59,0.0,7692
538,-0.515696,-0.0380056,-0.855929,3272.2,2993.08,0,279.118,0.0,0.0,0.0,0.0,443.405,0.0,8177
539,-0.846228,-0.225743,0.482637,5589.43,5317.05,0,272.381,0.0,0.0,0.0,0.0,770.813,0.0,10310
540,-0.27891,-0.96028,-0.00847165,9114.06,8947.97,0,166.09,0.0,0.0,0.0,0.0,1278.31,0.0,12477
541,-0.563415,0.00864454,-0.826129,3349.93,3023.1,0,326.822,0.0,0.0,0.0,0.0,455.191,0.0,8076
542,-0.312791,0.418405,0.852701,3192.13,3041.99,0,150.135,0.0,0.0,0.0,0.0,431.602,0.0,8377
543,-0.421189,0.832083,-0.360885,6406.6,6293.31,0,113.297,0.0,0.0,0.0,0.0,885.107,0.0,11469
544,0.887545,-0.460722,-0.000452404,9159.43,8957.12,0,202.304,0.0,0.0,0.0,0.0,1284.61,0.0,12247
545,0.816125,-0.158296,0.555772,5700.89,4624.97,0,203.767,0.0,182.501,622.03,67.621,785.078,0.0,10913
546,-0.684534,-0.704164,0.188592,9108.86,8853.49,0,96.8406,0.0,103.536,54.9936,0.0,1278.71,0.0,12175
547,-0.361972,0.624318,0.692245,4953.24,4599.85,0,64.458,0.0,106.688,182.236,0.0,675.365,0.0,11002
548,0.591506,-0.688815,-0.419111,6165.67,6132.02,0,33.6468,0.0,0.0,0.0,0.0,850.108,0.0,11657
549,0.743503,0.606086,-0.282599,8181.48,7064.49,0,374.438,0.0,183.554,558.995,0.0,1140.97,0.0,12580
550,-0.651592,0.752099,-0.0988664,14388.9,13737.6,0,497.41,0.0,94.3751,59.4268,0.0,2014.58,0.0,19133
551,-0.168476,-0.538391,0.825682,3085.25,2827.91,0,257.345,0.0,0.0,0.0,0.0,417.578,0.0,7687
552,0.877482,0.43178,0.208786,11264.2,10532.4,0,79.5197,0.0,298.648,353.637,0.0,1579.84,0.0,15209
553,0.92801,-0.345363,0.139722,9379.13,8601.72,0,543.274,0.0,106.581,127.559,0.0,1317.17,0.0,12426
554,0.482055,-0.86579,-0.134278,13068.0,11535.6,0,506.656,0.0,306.606,719.162,0.0,1828.25,0.0,17652
555,-0.866491,-0.37962,-0.324163,7556.88,5843.42,0,358.187,0.0,190.046,212.172,953.058,1055.25,0.0,11371
556,0.620095,-0.214259,0.754702,4031.95,3830.89,0,201.054,0.0,0.0,0.0,0.0,549.072,0.0,9046
557,-0.781766,-0.0338039,-0.622655,4353.42,4350.06,0,3.36139,0.0,0.0,0.0,0.0,596.23,0.0,9456
558,-0.78606,-0.0717928,-0.613967,4428.17,4337.4,0,90.7625,0.0,0.0,0.0,0.0,605.946,0.0,9707
559,-0.114191,0.223656,0.967956,3237.67,2981.02,0,256.654,0.0,0.0,0.0,0.0,412.968,0.0,14820
560,0.0287867,0.718059,-0.695386,4547.18,4294.25,0,252.933,0.0,0.0,0.0,0.0,622.346,0.0,9682
561,-0.703302,-0.103254,0.703353,3883.94,3814.88,0,69.0637,0.0,0.0,0.0,0.0,531.657,0.0,8349
562,-0.182502,0.934727,-0.304924,6498.96,6294.64,0,89.0869,0.0,72.313,0.0,42.9186,901.173,0.0,11354
563,0.153823,0.977867,0.141825,10870.8,9995.8,0,277.54,0.0,197.353,400.148,0.0,1520.25,0.0,15266
564,-0.820359,0.530259,0.214097,7850.88,7604.21,0,246.665,0.0,0.0,0.0,0.0,1099.74,0.0,10836
565,0.819314,-0.506435,-0.268789,7749.64,7565.38,0,184.251,0.0,0.0,0.0,0.0,1080.43,0.0,11917
566,-0.535239,-0.242858,-0.809036,3620.17,3280.93,0,339.234,0.0,0.0,0.0,0.0,489.961,0.0,9011
567,-0.976049,-0.124166,-0.178636,11184.5,8915.06,0,13.2771,0.0,304.663,968.412,983.089,1567.75,0.0,15306
568,0.588115,-0.414446,-0.694518,5342.34,4765.34,0,137.988,0.0,100.967,338.051,0.0,732.352,0.0,10961
569,-0.402282,0.915062,0.0288392,9397.95,9105.44,0,292.512,0.0,0.0,0.0,0.0,1317.97,0.0,12822
570,-0.236587,-0.250704,0.938709,3950.97,3179.53,0,49.2923,0.0,190.064,532.082,0.0,520.237,0.0,13804
571,0.0756582,-0.460812,0.884267,3735.13,3614.43,0,120.708,0.0,0.0,0.0,0.0,503.997,0.0,9686
572,0.918332,0.354397,0.176265,9273.49,8881.13,0,239.401,0.0,75.0095,77.9497,0.0,1298.0,0.0,12911
573,-0.633919,0.733866,0.244105,8383.99,8169.84,0,214.146,0.0,0.0,0.0,0.0,1170.64,0.0,12789
574,-0.516125,-0.723279,0.458784,5913.86,5822.22,0,91.6394,0.0,0.0,0.0,0.0,813.059,0.0,11413
575,-0.0693664,0.917372,0.39194,5850.86,5712.14,0,138.718,0.0,0.0,0.0,0.0,811.746,0.0,10206
576,0.282321,0.39016,0.876396,3144.2,3063.47,0,80.7289,0.0,0.0,0.0,0.0,422.385,0.0,8700
577,0.179067,0.896712,0.404776,6545.97,5673.76,0,257.949,0.0,186.508,427.75,0.0,905.155,0.0,12165
578,-0.427451,-0.102214,-0.898242,3399.14,3398.71,0,0.430253,0.0,0.0,0.0,0.0,457.136,0.0,9403
579,0.153108,-0.527343,-0.835744,3488.77,3281.99,0,206.781,0.0,0.0,0.0,0.0,470.682,0.0,9128
580,0.265245,0.621738,-0.736944,3909.63,3623.62,0,286.009,0.0,0.0,0.0,0.0,532.447,0.0,8686
581,-0.158488,0.943739,-0.290238,7494.16,7089.96,0,161.49,0.0,57.0705,185.642,0.0,1039.79,0.0,12634
582,-0.61448,-0.523724,0.590023,5566.01,5263.37,0,302.642,0.0,0.0,0.0,0.0,763.532,0.0,11442
583,0.874796,-0.462084,-0.145638,9238.87,9001.14,0,237.733,0.0,0.0,0.0,0.0,1297.6,0.0,12445
584,0.855858,0.432486,-0.28366,6760.71,6542.48,0,218.228,0.0,0.0,0.0,0.0,938.264,0.0,11510
585,0.073907,-0.754309,-0.652346,4107.2,3738.54,0,368.667,0.0,0.0,0.0,0.0,562.38,0.0,8517
586,0.930336,0.366508,-0.0121459,10874.5,10467.6,0,188.66,0.0,105.749,112.426,0.0,1522.07,0.0,15392
587,-0.944171,-0.198193,-0.263174,6795.43,6773.79,0,21.6402,0.0,0.0,0.0,0.0,947.369,0.0,10607
588,0.66995,0.631342,-0.390607,5978.49,5559.68,0,418.811,0.0,0.0,0.0,0.0,826.924,0.0,10825
589,0.0472427,0.92959,0.365555,7318.39,6365.87,0,196.682,0.0,195.322,229.222,331.294,1015.59,0.0,11978
590,-0.635882,0.432982,-0.63889,4759.97,4751.66,0,8.30204,0.0,0.0,0.0,0.0,650.969,0.0,10149
591,-0.993739,-0.0780433,0.079954,10652.9,9521.96,0,224.76,0.0,262.545,620.551,23.0567,1489.05,0.0,15400
592,0.58743,-0.142714,0.796592,3478.7,3425.82,0,52.8762,0.0,0.0,0.0,0.0,473.746,0.0,8184
593,0.250851,-0.942258,0.221865,7876.12,7777.06,0,99.0635,0.0,0.0,0.0,0.0,1102.14,0.0,11301
594,0.660018,-0.431988,-0.614623,4796.26,4619.22,0,72.9008,0.0,82.8858,21.2498,0.0,658.432,0.0,10058
595,0.608916,0.363155,0.705223,4267.83,4226.57,0,41.2597,0.0,0.0,0.0,0.0,580.906,0.0,9573
596,-0.0605874,-0.706676,-0.704939,5605.18,4825.26,0,172.822,0.0,211.587,395.515,0.0,767.088,0.0,11684
597,-0.594669,-0.795909,0.113571,10763.8,10054.4,0,249.479,0.0,104.97,354.975,0.0,1506.75,0.0,15032
598,0.316207,0.666962,-0.674667,5484.42,5304.09,0,48.1398,0.0,104.205,27.9779,0.0,749.747,0.0,11733
599,-0.288522,-0.39054,-0.874204,3043.84,2952.15,0,91.6883,0.0,0.0,0.0,0.0,409.627,0.0,8492
600,-0.225014,0.34606,-0.91083,2823.11,2483.8,0,339.306,0.0,0.0,0.0,0.0,374.695,0.0,8879
601,0.875811,-0.01322,-0.482474,5557.4,5192.34,0,62.9048,0.0,106.385,195.774,0.0,764.966,0.0,10607
602,-0.114115,-0.825558,0.552659,5650.18,5447.01,0,2.09527,0.0,106.595,94.4818,0.0,777.042,0.0,10994
603,0.428075,-0.425366,-0.79738,3681.28,3662.26,0,19.019,0.0,0.0,0.0,0.0,500.894,0.0,8667
604,0.267843,-0.905387,0.329445,6320.43,6122.06,0,198.367,0.0,0.0,0.0,0.0,874.98,0.0,11038
605,-0.77116,-0.517139,0.371321,6424.55,5957.63,0,193.653,0.0,106.675,166.592,0.0,888.337,0.0,11450
606,-0.686306,-0.00911756,0.727256,4593.17,3925.06,0,200.42,29.0638,87.0206,166.024,185.587,629.17,0.0,9651
607,0.454134,0.191649,-0.870076,3193.34,2994.29,0,199.05,0.0,0.0,0.0,0.0,431.084,0.0,8440
608,0.782059,-0.0439705,0.621652,4896.3,4313.02,0,217.736,0.0,106.557,258.993,0.0,671.516,0.0,10158
609,0.263514,-0.449545,-0.853504,3147.94,2993.56,0,154.383,0.0,0.0,0.0,0.0,425.497,0.0,8016
610,-0.919372,-0.392262,-0.0297674,11487.6,10201.6,0,178.652,0.0,290.312,817.108,0.0,1610.25,0.0,15465
611,-0.916496,-0.312725,-0.249475,8724.22,7584.14,0,181.754,0.0,175.625,611.413,171.28,1215.39,0.0,13438
612,0.561185,-0.538734,-0.62836,4636.44,4484.91,0,151.521,0.0,0.0,0.0,0.0,634.735,0.0,9661
613,-0.467434,-0.570807,0.675044,4332.53,4036.09,0,296.443,0.0,0.0,0.0,0.0,593.88,0.0,9074
614,-0.508827,0.251998,0.82316,3290.54,3023.83,0,266.708,0.0,0.0,0.0,0.0,446.105,0.0,8163
615,-0.0805201,-0.663797,0.743566,4073.08,3808.29,0,264.794,0.0,0.0,0.0,0.0,556.162,0.0,9058
616,-0.344108,0.88478,-0.314253,6599.95,6340.57,0,259.388,0.0,0.0,0.0,0.0,914.959,0.0,11276
617,-0.21747,-0.511395,0.831374,4629.85,3573.22,0,427.761,0.0,318.161,310.705,0.0,627.163,0.0,11318
618,0.13427,0.0308778,-0.990464,3332.79,2961.11,0,371.68,0.0,0.0,0.0,0.0,415.679,0.0,17718
619,-0.863936,-0.318244,0.390301,6617.07,5993.35,0,623.719,0.0,0.0,0.0,0.0,916.305,0.0,11515
620,0.647861,-0.732853,-0.207851,9226.11,8263.65,0,531.259,0.0,106.495,324.71,0.0,1288.86,0.0,13214
621,-0.148264,0.924901,0.350107,7890.77,6603.18,0,335.935,0.0,189.732,761.922,0.0,1092.98,0.0,13815
622,0.725737,-0.685968,-0.0524708,13439.6,12868.1,0,221.648,0.0,76.0632,96.6128,177.144,1888.71,0.0,17062
623,-0.968112,-0.145844,-0.20369,9014.82,8896.86,0,117.96,0.0,0.0,0.0,0.0,1263.15,0.0,12557
624,0.889382,0.159553,-0.428418,5867.09,5659.53,0,207.567,0.0,0.0,0.0,0.0,808.559,0.0,10966
625,-0.940128,0.264495,-0.214948,9668.36,9447.54,0,65.8086,0.0,106.451,48.5572,0.0,1352.15,0.0,13753
626,-0.798479,0.0353279,0.600985,5701.64,5059.66,0,107.267,0.0,211.553,184.606,138.557,782.599,0.0,11603
627,-0.10427,0.827685,0.551421,5321.27,5046.33,0,17.5209,0.0,106.321,151.104,0.0,732.248,0.0,10260
628,-0.3992,-0.905362,0.144774,9480.16,9322.09,0,5.85432,0.0,106.122,46.0939,0.0,1332.26,0.0,12861
629,0.746369,-0.469704,-0.4715,5815.75,5669.94,0,33.3768,0.0,101.212,11.22,0.0,800.366,0.0,11353
630,0.493179,-0.83503,-0.243925,7200.16,6546.52,0,147.266,0.0,106.682,200.785,198.91,1007.46,0.0,10672
631,-0.979583,-0.132939,-0.150811,8308.49,8246.52,0,61.9634,0.0,0.0,0.0,0.0,1164.88,0.0,11755
632,-0.107941,0.0148308,0.994047,2620.22,2520.36,0,99.8622,0.0,0.0,0.0,0.0,337.68,0.0,11209
633,0.4918,0.747546,-0.446439,5775.67,5536.85,0,238.814,0.0,0.0,0.0,0.0,795.381,0.0,10863
634,0.970288,0.207925,-0.123724,10054.7,9505.09,0,169.41,0.0,100.585,279.648,0.0,1407.95,0.0,13888
635,0.666096,0.449116,-0.595492,4734.75,4624.73,0,110.017,0.0,0.0,0.0,0.0,650.34,0.0,9391
636,-0.530778,-0.837848,0.127615,14845.6,13353.8,0,482.513,0.0,212.181,797.055,0.0,2076.87,0.0,20050
637,0.183639,0.211644,-0.959939,2924.37,2725.57,0,198.8,0.0,0.0,0.0,0.0,380.432,0.0,11174
638,-0.302169,-0.0762869,0.950197,2867.9,2511.53,0,356.368,0.0,0.0,0.0,0.0,379.794,0.0,9438
639,-0.586071,0.802667,-0.110662,10149.5,9716.51,0,298.079,0.0,106.272,28.6151,0.0,1421.64,0.0,14065
640,0.889624,-0.0748164,0.450524,5824.91,5042.16,0,367.209,33.3896,48.2725,241.365,92.2179,803.866,0.288,10810
641,0.217438,-0.366967,-0.904464,2986.36,2670.73,0,315.629,0.0,0.0,0.0,0.0,400.963,0.0,8486
642,-0.900322,-0.412811,0.137865,11652.2,11499.9,0,2.66899,0.0,106.57,42.9845,0.0,1632.17,0.0,16265
643,-0.940041,0.183092,-0.287752,6390.31,6057.24,0,333.07,0.0,0.0,0.0,0.0,885.86,0.0,10941
644,0.0574325,0.799175,0.598348,5097.48,4797.45,0,121.272,0.0,103.099,75.659,0.0,698.519,0.0,10473
645,-0.374556,-0.0285124,-0.926766,2845.5,2584.01,0,261.492,0.0,0.0,0.0,0.0,379.406,0.0,8677
646,0.0321309,-0.531384,-0.846522,3701.95,3457.74,0,244.21,0.0,0.0,0.0,0.0,501.344,0.0,9221
647,0.750631,-0.285945,-0.595641,5608.94,4651.18,0,236.226,0.0,106.6,41.7738,573.165,771.041,0.0,10916
648,-0.0112273,-0.987511,0.15715,11415.2,10349.8,0,305.122,0.0,213.096,547.177,0.0,1597.95,0.0,15808
649,0.730373,-0.503388,0.461688,5783.02,5056.32,0,275.152,0.0,100.453,351.096,0.0,795.061,0.0,11278
650,0.552217,-0.772346,-0.313906,6858.25,6682.91,0,175.339,0.0,0.0,0.0,0.0,954.664,0.0,11258
651,-0.0148568,0.27767,-0.960562,3353.52,3031.37,0,48.2475,0.0,106.142,167.76,0.0,426.243,0.0,16011
652,-0.761739,0.496803,-0.41586,6119.87,4951.15,0,84.0868,0.0,104.76,875.365,104.505,848.513,0.0,10964
653,-0.938262,-0.345347,0.0199808,10463.8,9854.72,0,403.361,0.0,106.684,98.998,0.0,1468.64,0.0,13821
654,0.331645,0.640069,-0.693054,4433.48,3784.07,0,212.945,0.0,0.0,275.326,161.143,606.42,0.0,9495
655,0.596957,0.0193015,-0.802041,3307.37,2967.77,0,339.608,0.0,0.0,0.0,0.0,448.995,0.0,7935
656,0.747074,-0.381278,0.544524,5073.22,5033.34,0,39.8742,0.0,0.0,0.0,0.0,697.22,0.0,9869
657,0.238789,-0.489828,-0.83848,3368.45,2984.61,0,383.838,0.0,0.0,0.0,0.0,457.594,0.0,8175
658,-0.51341,0.568699,-0.642645,4822.26,4462.82,0,359.442,0.0,0.0,0.0,0.0,659.718,0.0,10270
659,-0.0749638,0.155171,0.985039,2878.83,2766.14,0,112.69,0.0,0.0,0.0,0.0,370.046,0.0,12316
660,0.171069,0.748604,0.640568,4065.76,4052.07,0,13.6909,0.0,0.0,0.0,0.0,557.11,0.0,8376
661,-0.974291,-0.225288,0.00150743,9392.42,8667.99,0,75.8359,0.0,212.355,436.239,0.0,1314.04,0.0,13143
662,-0.0337736,-0.678297,-0.734011,3723.41,3436.25,0,287.162,0.0,0.0,0.0,0.0,507.242,0.0,8306
663,0.994432,-0.0873424,-0.0589625,10092.0,9339.22,0,361.233,0.0,95.9612,295.558,0.0,1413.56,0.0,13985
664,0.170873,0.901158,-0.398392,6318.06,5962.89,0,355.165,0.0,0.0,0.0,0.0,870.637,0.0,11735
665,-0.658537,0.434824,0.614213,4453.08,4303.68,0,149.402,0.0,0.0,0.0,0.0,612.781,0.0,8680
666,-0.281938,-0.0623112,0.957407,3158.65,2473.01,0,366.528,0.0,103.808,215.31,0.0,416.742,0.0,10870
667,-0.196759,0.980252,0.019816,8477.11,8330.63,0,146.479,0.0,0.0,0.0,0.0,1189.41,0.0,11646
668,-0.00366661,-0.877385,0.479773,6220.39,5715.68,0,123.491,0.0,106.395,206.861,67.969,859.38,0.0,11517
669,-0.830118,0.0913546,0.550053,5770.11,5674.35,0,53.9853,0.0,22.0418,0.0,19.7324,794.342,0.0,10864
670,-0.101231,0.66775,-0.73747,4948.77,3835.88,0,268.835,0.0,103.406,448.52,292.133,677.047,0.0,10676
671,-0.486766,-0.788733,0.375445,7117.26,6348.47,0,115.108,0.0,195.504,458.175,0.0,983.389,0.0,13041
672,0.389631,0.832211,-0.394478,6304.9,5580.8,0,141.112,0.0,101.011,156.465,325.51,873.087,0.0,11145
673,0.832258,0.468412,-0.296541,7806.2,5659.3,0,177.807,0.0,374.379,837.32,757.394,1089.3,0.0,11989
674,0.647479,0.626685,-0.433631,5973.67,5758.28,0,215.386,0.0,0.0,0.0,0.0,824.255,0.0,11131
675,0.767773,-0.151716,-0.6225,4469.5,4180.0,0,289.498,0.0,0.0,0.0,0.0,614.096,0.0,8932
676,0.195278,0.767004,-0.611205,5521.66,5097.46,0,156.648,0.0,211.398,56.1567,0.0,755.799,0.0,11260
677,-0.49682,-0.429046,0.75438,3801.3,3663.02,0,138.282,0.0,0.0,0.0,0.0,516.573,0.0,8707
678,0.506639,-0.782399,-0.362173,6768.33,6696.01,0,72.3202,0.0,0.0,0.0,0.0,938.511,0.0,11663
679,0.445964,-0.810285,0.380203,7382.25,6700.41,0,393.002,0.0,106.686,182.157,0.0,1022.77,0.0,12803
680,0.454128,0.76605,-0.454902,7283.19,6024.28,0,48.3126,0.0,296.323,673.42,240.85,1006.55,0.0,12987
681,0.958969,-0.138282,0.247502,8803.28,8247.86,0,241.946,0.0,106.101,207.372,0.0,1230.38,0.0,12712
682,0.585677,-0.724884,-0.362664,6174.93,5800.96,0,373.972,0.0,0.0,0.0,0.0,855.289,0.0,10960
683,0.0331803,-0.996846,0.0720976,10112.1,9730.24,0,118.323,0.0,106.106,157.407,0.0,1419.02,0.0,13605
684,0.368794,-0.357295,-0.858098,3568.93,3329.1,0,239.831,0.0,0.0,0.0,0.0,485.412,0.0,8367
685,0.935979,-0.0357779,0.350234,6953.42,6422.11,0,531.306,0.0,0.0,0.0,0.0,963.163,0.0,11953
686,0.0448645,0.177583,-0.983083,2536.45,2400.41,0,136.037,0.0,0.0,0.0,0.0,326.132,0.0,11117
687,0.063781,0.0647019,0.995864,2917.26,2829.54,0,87.7244,0.0,0.0,0.0,0.0,377.32,0.0,11919
688,0.956501,-0.175893,0.232738,7892.96,7398.88,0,338.029,0.0,106.658,49.397,0.0,1102.7,0.0,12022
689,-0.564369,0.334572,0.754685,3949.72,3792.22,0,157.504,0.0,0.0,0.0,0.0,536.533,0.0,9214
690,0.256212,0.326511,-0.909806,3336.89,3006.23,0,330.657,0.0,0.0,0.0,0.0,443.132,0.0,10430
691,-0.191014,0.258403,0.946964,3897.05,3263.67,0,115.426,0.0,99.8662,224.663,193.426,501.228,0.0,16545
692,-0.206501,0.806654,-0.553774,5092.92,4767.91,0,322.714,0.0,1.48671,0.0,0.801164,700.78,0.0,9724
693,-0.488031,0.275707,-0.828137,3550.77,3362.6,0,188.176,0.0,0.0,0.0,0.0,479.306,0.0,9312
694,0.255035,0.0365413,0.966241,3121.97,2898.14,0,223.828,0.0,0.0,0.0,0.0,409.527,0.0,11227
695,-0.605468,-0.610181,-0.510968,5419.06,5084.38,0,334.681,0.0,0.0,0.0,0.0,746.661,0.0,10185
696,0.938383,-0.199246,0.28238,7072.31,6805.69,0,266.622,0.0,0.0,0.0,0.0,984.546,0.0,11323
697,0.203507,-0.654629,-0.728042,4328.12,3947.53,0,71.8749,0.0,106.227,202.488,0.0,588.075,0.0,10003
698,0.529169,-0.840235,0.118255,11926.7,11093.5,0,347.733,114.981,167.616,202.874,0.0,1668.8,0.0,16088
699,0.820455,0.571693,-0.00454555,11730.3,11274.2,0,356.267,0.0,96.0365,3.71689,0.0,1644.25,0.0,15473
700,-0.623557,0.630739,-0.461892,5971.97,5507.33,0,464.636,0.0,0.0,0.0,0.0,822.506,0.0,11058
701,0.4043,-0.914513,-0.014388,10176.1,9510.22,0,138.091,0.0,179.289,348.481,0.0,1429.36,0.0,13545
702,0.869009,0.494706,-0.00947256,8211.54,8052.49,0,159.046,0.0,0.0,0.0,0.0,1149.71,0.0,11748
703,-0.0206449,0.960044,-0.279087,7538.7,6912.3,0,144.05,0.0,82.5547,399.794,0.0,1049.51,0.0,12097
704,-0.40859,0.911634,0.0444803,9733.74,9566.71,0,167.027,0.0,0.0,0.0,0.0,1365.57,0.0,13241
705,-0.836468,-0.0115087,-0.547895,5635.46,4545.52,0,408.361,0.0,106.391,575.191,0.0,775.281,0.0,11284
706,0.370723,0.839259,0.397756,6637.91,6418.68,0,219.222,0.0,0.0,0.0,0.0,916.41,0.0,12027
707,0.47715,-0.546336,-0.688364,3868.28,3781.73,0,86.5521,0.0,0.0,0.0,0.0,527.967,0.0,8627
708,-0.62028,-0.784259,-0.0137615,12159.6,11719.1,0,232.744,0.0,106.685,101.11,0.0,1709.02,0.0,15835
709,0.165969,-0.981776,0.0925708,9950.29,9652.07,0,54.2222,0.0,94.9488,149.046,0.0,1392.28,0.0,14353
710,-0.599716,-0.74318,-0.296687,6256.16,6014.75,0,241.41,0.0,0.0,0.0,0.0,864.521,0.0,11063
711,-0.349267,0.49155,-0.797742,3702.67,3352.55,0,350.119,0.0,0.0,0.0,0.0,501.774,0.0,9091
712,-0.561242,-0.152988,0.813389,4106.56,3461.08,0,110.998,0.0,106.691,427.795,0.0,554.592,0.0,10597
713,0.720931,0.691831,-0.0403612,15384.4,13902.7,0,276.894,0.0,302.31,586.286,316.229,2159.01,0.0,19551
714,0.821912,-0.11019,0.558855,5616.19,5209.36,0,180.833,0.0,106.477,119.526,0.0,769.698,0.0,11523
715,-0.50691,0.665753,-0.547554,5567.14,5178.38,0,234.02,0.0,106.668,48.064,0.0,762.771,0.0,11643
716,-0.0641494,-0.768231,0.63695,5188.97,4606.59,0,275.292,0.0,88.7225,218.359,0.0,708.598,0.0,11177
717,-0.196421,0.811361,0.550555,5722.97,5274.82,0,448.153,0.0,0.0,0.0,0.0,787.459,0.0,10921
718,0.368702,-0.301173,-0.879406,2907.65,2816.81,0,90.846,0.0,0.0,0.0,0.0,391.073,0.0,7924
719,0.118979,0.95664,0.265865,8599.72,8308.26,0,162.183,0.0,105.908,23.3641,0.0,1198.64,0.0,13480
720,0.452027,0.475805,0.754507,3918.49,3701.44,0,217.056,0.0,0.0,0.0,0.0,533.25,0.0,9082
721,0.491656,-0.846545,0.204049,8604.12,8333.08,0,271.043,0.0,0.0,0.0,0.0,1207.03,0.0,11993
722,-0.148496,0.164751,0.975093,3049.33,2873.31,0,176.022,0.0,0.0,0.0,0.0,394.724,0.0,12381
723,0.311715,-0.831137,-0.460484,6901.07,6326.02,0,109.436,0.0,156.68,308.939,0.0,949.098,0.0,13258
724,-0.227327,-0.381627,0.895926,3180.58,3152.98,0,27.6023,0.0,0.0,0.0,0.0,428.13,0.0,8825
725,-0.994591,0.0718617,-0.0749949,8318.31,8224.37,0,93.9442,0.0,0.0,0.0,0.0,1165.07,0.0,11705
726,0.883453,0.461771,-0.0792319,9345.89,9204.54,0,141.344,0.0,0.0,0.0,0.0,1310.62,0.0,12652
727,-0.964573,-0.239928,-0.1097,11837.1,10660.2,0,423.614,0.0,213.338,539.918,0.0,1656.2,0.0,16460
728,0.549442,0.662086,0.509662,5516.11,5344.2,0,171.908,0.0,0.0,0.0,0.0,759.179,0.0,10595
729,0.95308,0.0664076,-0.295346,7560.68,7227.07,0,24.6603,0.0,100.678,208.274,0.0,1052.49,0.0,12283
730,0.695177,-0.202908,-0.689607,4849.6,4742.15,0,107.446,0.0,0.0,0.0,0.0,660.93,0.0,10699
731,-0.675851,0.532463,0.509616,5463.43,5088.46,0,374.961,0.0,0.0,0.0,0.0,751.617,0.0,10370
732,0.210357,-0.00642387,-0.977604,3226.11,3084.53,0,141.582,0.0,0.0,0.0,0.0,418.063,0.0,12802
733,0.0083048,0.12197,0.992499,2663.36,2562.86,0,100.502,0.0,0.0,0.0,0.0,340.956,0.0,11989
734,0.075231,0.819012,-0.568824,5059.45,4842.83,0,216.617,0.0,0.0,0.0,0.0,694.411,0.0,9953
735,-0.306669,-0.0646624,0.949617,2910.93,2715.2,0,195.733,0.0,0.0,0.0,0.0,384.434,0.0,9730
736,-0.904991,0.417499,0.0817738,12740.5,11379.4,0,342.769,0.0,295.756,722.577,0.0,1784.05,0.0,17457
737,-0.375458,-0.108364,0.920483,3768.72,3311.18,0,61.106,0.0,100.624,295.81,0.0,506.995,0.0,10694
738,-0.851176,-0.341133,-0.398907,6240.58,5679.8,0,70.9017,28.0264,121.838,339.717,0.0,863.586,0.288,11208
739,-0.505034,-0.572562,0.645844,4501.26,4431.11,0,70.1434,0.0,0.0,0.0,0.0,617.167,0.0,9416
740,0.236109,0.692068,0.682126,4996.55,4363.78,0,76.0949,0.0,171.157,385.516,0.0,680.415,0.0,11501
741,0.0517713,0.323179,0.944921,3063.83,2749.66,0,314.171,0.0,0.0,0.0,0.0,408.444,0.0,9493
742,-0.425744,-0.647112,-0.632446,4149.78,4045.53,0,104.256,0.0,0.0,0.0,0.0,568.432,0.0,8670
743,0.721066,0.683915,-0.111012,14144.4,12714.2,0,442.127,0.0,319.918,668.141,0.0,1986.61,0.0,18019
744,0.663782,0.461148,0.588843,4676.06,4672.57,0,3.49085,0.0,0.0,0.0,0.0,643.054,0.0,9340
745,-0.688101,-0.724798,0.0344111,12030.3,11911.9,0,118.418,0.0,0.0,0.0,0.0,1689.88,0.0,15432
746,0.33385,0.725845,-0.60141,4963.92,4666.19,0,297.736,0.0,0.0,0.0,0.0,680.178,0.0,10083
747,0.771922,-0.633809,-0.0492103,6082.58,5500.7,0,157.882,0.0,103.813,320.185,0.0,854.824,0.0,7185
748,0.321794,-0.454543,-0.830566,3444.04,3229.13,0,214.912,0.0,0.0,0.0,0.0,464.782,0.0,8995
749,0.145766,-0.0906547,0.985157,2865.2,2665.76,0,199.438,0.0,0.0,0.0,0.0,372.888,0.0,11250
750,0.367116,-0.925581,-0.0923304,9726.01,9474.36,0,127.052,0.0,105.43,19.1697,0.0,1364.56,0.0,13192
751,-0.721073,0.278156,-0.634574,4187.87,4129.61,0,58.266,0.0,0.0,0.0,0.0,573.767,0.0,8927
752,-0.221328,-0.30093,0.927607,3179.36,2869.25,0,310.106,0.0,0.0,0.0,0.0,419.486,0.0,10846
753,-0.50167,0.24461,-0.829755,3355.12,3093.58,0,261.533,0.0,0.0,0.0,0.0,452.961,0.0,9126
754,0.747309,0.185311,0.638113,4901.91,4760.57,0,141.344,0.0,0.0,0.0,0.0,669.82,0.0,10416
755,-0.124623,0.930681,0.343951,6367.9,6030.28,0,337.618,0.0,0.0,0.0,0.0,883.657,0.0,10898
756,0.433864,-0.00698721,-0.900951,3161.34,2621.7,0,539.639,0.0,0.0,0.0,0.0,424.666,0.0,9032
757,-0.969672,-0.149951,0.193005,8606.5,7606.8,0,196.932,0.0,204.075,189.661,409.028,1205.57,0.0,11876
758,-0.618092,0.777817,0.113858,11801.1,11641.4,0,159.77,0.0,0.0,0.0,0.0,1654.91,0.0,15429
759,0.419847,-0.751392,-0.509057,5545.65,5173.45,0,259.914,0.0,103.457,8.82281,0.0,762.157,0.0,10937
760,0.169394,0.923612,-0.34387,6326.8,5970.91,0,96.0689,0.0,0.0,142.467,117.355,875.808,0.0,10906
761,-0.24633,0.146507,-0.958049,3265.81,3074.0,0,191.809,0.0,0.0,0.0,0.0,427.222,0.0,12113
762,-0.898356,-0.345476,0.2713,6363.54,5757.9,0,255.38,0.0,99.789,250.475,0.0,887.828,0.0,9682
763,-0.79258,-0.204544,-0.574438,4914.07,4619.64,0,294.428,0.0,0.0,0.0,0.0,675.751,0.0,9653
764,-0.999218,0.0205177,-0.0337936,8740.6,8433.45,0,98.7594,0.0,101.337,107.055,0.0,1227.73,0.0,11569
765,-0.676979,-0.695923,-0.239562,7264.81,6928.47,0,336.347,0.0,0.0,0.0,0.0,1013.44,0.0,11052
766,-0.614086,0.739784,-0.274987,6587.37,6456.2,0,131.169,0.0,0.0,0.0,0.0,917.054,0.0,10665
767,0.882481,-0.453761,-0.123808,10695.4,10139.5,0,111.126,0.0,212.905,231.865,0.0,1497.69,0.0,14862
768,-0.428278,-0.0199046,-0.903428,3447.17,3018.78,0,114.055,0.0,106.691,207.647,0.0,462.3,0.0,9662
769,0.338086,0.703252,0.625407,4132.34,4105.25,0,27.0896,0.0,0.0,0.0,0.0,567.33,0.0,8330
770,-0.33496,0.777225,-0.532657,5839.72,5592.49,0,247.23,0.0,0.0,0.0,0.0,803.741,0.0,11203
771,0.369049,0.650541,0.663776,4700.77,4244.24,0,42.8277,0.0,97.2827,161.984,154.434,645.745,0.0,9550
772,0.148686,0.712541,-0.685695,4150.5,3914.46,0,236.038,0.0,0.0,0.0,0.0,567.895,0.0,8731
773,0.134659,0.812888,0.566639,5063.96,4495.31,0,60.0439,0.0,106.61,36.6134,365.378,696.886,0.0,9879
774,0.588094,0.137942,-0.796942,3075.6,2774.64,0,300.964,0.0,0.0,0.0,0.0,416.546,0.0,7623
775,-0.305547,-0.183807,-0.934268,2891.14,2626.9,0,264.239,0.0,0.0,0.0,0.0,384.719,0.0,9143
776,0.113552,0.604242,-0.788668,4179.28,3687.33,0,344.785,0.0,106.69,40.4679,0.0,567.572,0.0,10306
777,-0.289759,-0.459206,-0.839744,3572.7,3155.68,0,17.2928,0.0,99.086,300.64,0.0,483.926,0.0,9170
778,-0.841578,-0.487001,0.233617,7649.63,7561.25,0,88.372,0.0,0.0,0.0,0.0,1068.79,0.0,11432
779,0.752352,-0.656297,-0.0569224,15046.5,13534.4,0,737.782,0.0,198.372,575.947,0.0,2108.71,0.0,19471
780,-0.162616,-0.181075,0.969932,3396.05,2640.7,0,167.789,77.9785,28.0689,379.621,101.603,445.215,0.288,12401
781,0.902093,-0.396123,0.171212,9540.05,9266.6,0,132.295,0.0,75.0616,66.0936,0.0,1336.95,0.0,12869
782,0.961654,-0.17346,-0.212446,8473.43,8215.46,0,257.964,0.0,0.0,0.0,0.0,1185.72,0.0,12140
783,-0.497047,0.590443,0.635863,5439.71,4207.8,0,160.215,0.0,210.608,670.997,190.086,747.611,0.0,11038
784,-0.7597,0.577744,0.298442,8460.63,7293.41,0,208.858,0.0,210.455,747.907,0.0,1177.02,0.0,13353
785,-0.734754,-0.672647,0.0876525,16258.7,14878.2,0,93.3445,0.0,294.814,745.992,246.328,2278.46,0.0,21248
786,0.402871,-0.348676,-0.846239,3644.29,3302.02,0,342.262,0.0,0.0,0.0,0.0,492.177,0.0,9331
787,0.467836,-0.706413,-0.531141,5628.53,5237.39,0,391.145,0.0,0.0,0.0,0.0,774.344,0.0,10841
788,0.181332,-0.154631,0.971189,3159.54,2924.08,0,235.452,0.0,0.0,0.0,0.0,412.772,0.0,11905
789,0.98705,0.0779069,0.140224,11049.2,10124.4,0,154.001,0.0,195.685,575.162,0.0,1545.05,0.0,15551
790,-0.794409,0.559081,0.237366,8378.79,8197.83,0,180.963,0.0,0.0,0.0,0.0,1170.81,0.0,12199
791,0.762965,0.644177,-0.0540381,14865.9,14662.4,0,203.52,0.0,0.0,0.0,0.0,2082.51,0.0,19115
792,0.109084,-0.70505,0.700718,4726.76,4544.7,0,66.2099,0.0,103.644,12.2071,0.0,647.613,0.0,10111
793,-0.0110222,-0.618643,0.785595,3636.45,3546.85,0,89.5983,0.0,0.0,0.0,0.0,494.873,0.0,8424
794,0.150296,0.829294,0.538221,5177.63,4887.96,0,289.677,0.0,0.0,0.0,0.0,711.42,0.0,9984
795,0.725152,-0.639476,0.255393,8417.06,7798.25,0,488.153,0.0,106.603,24.048,0.0,1170.44,0.0,13792
796,-0.0635352,0.634975,0.769916,3674.12,3542.1,0,132.025,0.0,0.0,0.0,0.0,500.145,0.0,8746
797,-0.943142,0.332348,-0.00534895,9698.84,9325.63,0,210.885,0.0,0.0,162.323,0.0,1359.41,0.0,12893
798,0.272371,-0.213257,0.938262,2935.94,2647.53,0,288.415,0.0,0.0,0.0,0.0,382.124,0.0,11387
799,-0.441524,0.604919,-0.662669,3907.69,3550.5,0,357.192,0.0,0.0,0.0,0.0,536.525,0.0,8007
800,0.186591,-0.827351,0.529787,5187.88,5096.04,0,91.8473,0.0,0.0,0.0,0.0,712.743,0.0,10115
801,0.820775,0.446574,0.356229,6778.67,6389.31,0,199.407,75.3204,1.98418,112.643,0.0,937.456,0.0,12096
802,0.840411,0.228131,-0.491595,5724.6,5380.02,0,344.577,0.0,0.0,0.0,0.0,788.513,0.0,10996
803,-0.475273,0.675644,0.563579,5253.18,5225.67,0,27.5136,0.0,0.0,0.0,0.0,722.479,0.0,10267
804,-0.537023,0.640393,0.549094,4734.36,4708.53,0,25.8335,0.0,0.0,0.0,0.0,651.599,0.0,9273
805,0.131547,0.392571,-0.910265,3773.95,2718.91,0,320.978,0.0,0.0,75.384,658.682,509.748,0.0,9800
806,-0.403072,0.11214,0.908272,3393.24,3074.74,0,318.502,0.0,0.0,0.0,0.0,451.281,0.0,10737
807,-0.122789,-0.965803,0.22836,8798.77,8353.43,0,203.348,0.0,99.6618,142.328,0.0,1235.1,0.0,12241
808,0.177369,0.277952,-0.944078,4309.2,3623.94,0,368.6,0.0,89.215,227.45,0.0,570.868,0.0,14209
809,-0.432601,-0.704544,0.562561,5707.34,5604.68,0,102.662,0.0,0.0,0.0,0.0,782.788,0.0,11487
810,0.860255,-0.351305,-0.369521,6020.12,5951.76,0,68.3632,0.0,0.0,0.0,0.0,831.134,0.0,11009
811,0.0521429,0.357177,-0.93258,3062.41,2770.04,0,292.372,0.0,0.0,0.0,0.0,405.216,0.0,10280
812,-0.844378,-0.271756,-0.461708,6637.96,6001.31,0,44.2707,0.0,105.193,350.855,136.328,919.125,0.0,11535
813,-0.28616,-0.626215,0.725236,3804.35,3396.4,0,407.946,0.0,0.0,0.0,0.0,519.771,0.0,8309
814,0.0782064,0.558625,-0.825725,3199.06,2877.21,0,321.845,0.0,0.0,0.0,0.0,434.809,0.0,7715
815,0.660024,-0.456001,0.597018,4858.46,4527.52,0,102.961,0.0,106.635,121.353,0.0,667.471,0.0,9735
816,-0.563745,-0.414389,-0.714474,4017.2,3636.24,0,380.959,0.0,0.0,0.0,0.0,547.557,0.0,9048
817,0.514134,0.784178,-0.347463,6642.7,6642.61,0,0.0881897,0.0,0.0,0.0,0.0,919.932,0.0,11774
818,-0.137099,-0.100311,0.985465,2760.04,2634.54,0,125.5,0.0,0.0,0.0,0.0,354.714,0.0,12096
819,-0.7627,0.150394,0.629023,4371.61,3981.55,0,390.065,0.0,0.0,0.0,0.0,600.538,0.0,8929
820,0.777894,-0.588233,0.22105,9385.9,8863.64,0,405.948,0.0,95.9021,20.4041,0.0,1318.05,0.0,12860
821,0.847333,0.18687,-0.497098,7252.28,5264.61,0,262.031,0.0,319.715,911.425,494.496,999.733,0.0,13629
822,-0.141149,-0.0535909,0.988537,3148.53,3059.65,0,88.8747,0.0,0.0,0.0,0.0,399.293,0.0,14972
823,-0.00611397,0.644755,0.764365,4498.55,3695.99,0,181.793,0.0,189.852,430.91,0.0,613.379,0.0,10232
824,0.0428341,0.742055,-0.668969,4675.89,4383.47,0,292.418,0.0,0.0,0.0,0.0,639.619,0.0,9932
825,0.12313,0.902371,-0.412995,7575.26,6333.59,0,383.035,0.0,213.348,645.289,0.0,1045.56,0.0,13888
826,0.952819,0.265577,-0.146988,9806.02,8706.16,0,290.47,0.0,189.582,619.811,0.0,1374.25,0.0,13766
827,0.678139,-0.224776,-0.699716,4225.61,4154.15,0,71.4668,0.0,0.0,0.0,0.0,577.439,0.0,9112
828,-0.264296,-0.866909,0.42263,5761.24,5753.16,0,8.08513,0.0,0.0,0.0,0.0,794.442,0.0,10931
829,-0.194229,-0.134426,-0.971702,2868.7,2720.24,0,148.456,0.0,0.0,0.0,0.0,373.97,0.0,10995
830,-0.561935,0.692186,-0.452888,6203.78,5896.57,0,13.162,0.0,106.152,187.896,0.0,855.225,0.0,11668
831,0.68005,-0.119068,0.723433,3665.71,3259.1,0,406.613,0.0,0.0,0.0,0.0,501.561,0.0,8046
832,0.78852,-0.532267,-0.308102,7495.91,6997.31,0,217.883,0.0,106.577,174.138,0.0,1039.23,0.0,12834
833,0.017588,-0.637112,-0.770571,3721.71,3592.52,0,129.191,0.0,0.0,0.0,0.0,508.017,0.0,8273
834,-0.149028,0.0497095,-0.987583,3638.45,3093.58,0,192.106,0.0,103.434,249.333,0.0,472.552,0.0,14395
835,0.02194,0.578075,-0.815689,3535.99,3200.49,0,335.5,0.0,0.0,0.0,0.0,481.739,0.0,8188
836,0.610723,-0.074646,0.788318,3402.06,3366.42,0,35.6465,0.0,0.0,0.0,0.0,464.184,0.0,7883
837,-0.412092,-0.456048,-0.788797,4303.12,3780.13,0,231.812,0.0,106.226,184.95,0.0,583.885,0.0,10427
838,-0.380049,0.530818,0.757493,4353.75,3795.9,0,557.855,0.0,0.0,0.0,0.0,593.436,0.0,9484
839,-0.298192,0.615687,-0.729391,4943.15,3995.19,0,354.918,0.0,95.8796,497.157,0.0,674.932,0.0,10873
840,0.287296,-0.776539,-0.560756,5443.98,4853.68,0,356.362,0.0,70.6061,163.325,0.0,745.677,0.0,11087
841,-0.851948,-0.148175,-0.502223,5354.84,5354.05,0,0.788239,0.0,0.0,0.0,0.0,735.463,0.0,10628
842,-0.282742,-0.0465672,0.958065,2850.13,2648.59,0,201.544,0.0,0.0,0.0,0.0,374.663,0.0,10359
843,0.0612223,0.989298,-0.132442,9988.47,9387.22,0,13.4183,0.0,212.848,374.982,0.0,1400.92,0.0,13504
844,-0.501693,-0.665631,0.552485,5382.54,5129.19,0,24.1783,0.0,96.9278,132.237,0.0,739.379,0.0,10791
845,0.0139553,0.728835,0.684547,4087.55,3687.73,0,399.819,0.0,0.0,0.0,0.0,560.504,0.0,8610
846,-0.676961,-0.602482,-0.422775,6266.26,6050.06,0,216.204,0.0,0.0,0.0,0.0,866.776,0.0,11129
847,-0.0376806,-0.874983,0.482685,5429.63,5289.82,0,139.811,0.0,0.0,0.0,0.0,748.283,0.0,10177
848,-0.365042,-0.40388,-0.838824,3921.03,3756.25,0,164.779,0.0,0.0,0.0,0.0,531.56,0.0,9598
849,0.500987,-0.865009,0.0277705,9623.26,9141.56,0,57.6244,0.0,197.668,226.408,0.0,1345.48,0.0,13804
850,-0.752822,-0.476804,0.453781,6759.97,5936.28,0,243.98,0.0,105.685,311.209,162.814,933.321,0.0,12271
851,0.281358,0.570845,0.771345,4772.2,4068.92,0,85.0809,0.0,210.041,408.155,0.0,648.481,0.0,11446
852,-0.482495,0.332402,0.810375,3412.51,2988.41,0,424.107,0.0,0.0,0.0,0.0,463.0,0.0,8170
853,0.406826,-0.356641,0.841011,3586.25,2905.77,0,292.08,0.0,106.684,281.709,0.0,486.334,0.0,8893
854,0.798572,0.575758,0.175455,9172.04,8194.56,0,347.869,0.0,213.36,416.258,0.0,1282.56,0.0,12915
855,-0.780445,-0.373692,0.501258,5919.91,5715.53,0,204.381,0.0,0.0,0.0,0.0,816.412,0.0,10934
856,-0.170344,0.519422,-0.837367,3606.14,2866.63,0,192.765,0.0,104.242,314.415,128.089,488.26,0.0,8907
857,-0.221677,-0.919954,-0.323334,6926.8,6856.82,0,69.9882,0.0,0.0,0.0,0.0,961.38,0.0,11483
858,-0.202442,-0.577817,0.790661,3489.68,3421.73,0,67.9443,0.0,0.0,0.0,0.0,474.219,0.0,8304
859,0.299576,-0.743747,0.597574,4980.25,4798.75,0,181.495,0.0,0.0,0.0,0.0,682.836,0.0,9991
860,-0.546719,-0.836709,0.0318644,12790.7,11799.3,0,376.348,0.0,213.319,401.709,0.0,1790.53,0.0,17401
861,0.787096,-0.13255,0.60242,5322.26,4931.46,0,68.0558,0.0,103.819,218.929,0.0,730.093,0.0,10904
862,0.380812,-0.747785,-0.543875,5618.49,5482.97,0,135.52,0.0,0.0,0.0,0.0,773.692,0.0,10684
863,0.725591,-0.596033,-0.343893,7383.86,6781.54,0,220.985,0.0,74.6676,306.672,0.0,1025.1,0.0,12193
864,-0.629125,0.586448,-0.510177,5809.73,5446.89,0,362.839,0.0,0.0,0.0,0.0,799.423,0.0,11342
865,0.947919,-0.0872822,0.306319,6812.08,6791.52,0,20.5675,0.0,0.0,0.0,0.0,946.427,0.0,11536
866,-0.245094,-0.107466,0.963525,3134.84,2919.04,0,215.802,0.0,0.0,0.0,0.0,410.64,0.0,11374
867,-0.816606,-0.0160979,-0.576971,4708.12,4557.88,0,150.238,0.0,0.0,0.0,0.0,647.047,0.0,9419
868,-0.894371,0.437877,0.0914598,9660.54,9139.07,0,172.513,0.0,106.686,242.269,0.0,1353.33,0.0,13173
869,0.148649,-0.173013,-0.973637,3384.82,3196.37,0,188.448,0.0,0.0,0.0,0.0,430.024,0.0,15908
870,0.0807824,0.990951,-0.10719,8565.7,8543.54,0,22.1575,0.0,0.0,0.0,0.0,1201.54,0.0,11829
871,0.595548,-0.354437,0.7209,4759.0,4014.36,0,319.76,0.0,106.372,318.501,0.0,647.421,0.0,11131
872,0.306231,-0.16315,0.937873,3408.86,3046.22,0,135.293,0.0,106.428,120.915,0.0,444.447,0.0,13223
873,0.224612,-0.263444,0.938161,3220.94,2607.63,0,315.701,0.0,62.1358,235.473,0.0,418.232,0.0,12712
874,-0.54554,-0.822492,0.160914,8037.1,8031.45,0,5.64343,0.0,0.0,0.0,0.0,1127.3,0.0,10692
875,0.339032,-0.407281,-0.848045,3713.94,3464.05,0,249.892,0.0,0.0,0.0,0.0,502.304,0.0,9524
876,-0.340146,0.0250358,0.940039,2922.72,2684.6,0,238.119,0.0,0.0,0.0,0.0,388.523,0.0,9151
877,-0.688954,-0.608588,-0.393655,5864.67,5838.3,0,26.3701,0.0,0.0,0.0,0.0,810.869,0.0,10607
878,0.572826,-0.819433,0.0199894,11604.9,10936.5,0,227.866,0.0,101.535,339.037,0.0,1628.28,0.0,15488
879,-0.989218,-0.0799376,-0.122707,9854.51,9053.19,0,379.48,0.0,106.525,315.313,0.0,1379.56,0.0,13594
880,-0.660159,-0.425951,-0.618673,5778.82,4306.84,0,135.445,0.0,293.361,1043.17,0.0,788.674,0.0,12849
881,0.453959,0.790942,0.410283,6672.93,6042.01,0,218.231,0.0,106.385,306.301,0.0,921.278,0.0,11889
882,-0.529559,-0.760834,-0.375098,6102.76,5956.46,0,146.305,0.0,0.0,0.0,0.0,843.917,0.0,11085
883,-0.14644,-0.937518,0.31562,7078.36,6424.17,0,47.0871,0.0,3.62685,341.849,261.632,982.667,0.0,11887
884,-0.597738,-0.590965,-0.541728,5680.45,5264.58,0,56.2607,0.0,106.449,253.16,0.0,781.202,0.0,11245
885,0.405203,0.911824,-0.0662359,10616.8,9636.02,0,233.244,0.0,212.296,535.188,0.0,1490.85,0.0,13909
886,-0.130629,-0.137768,0.981813,3079.87,2957.5,0,122.372,0.0,0.0,0.0,0.0,400.83,0.0,11949
887,-0.821148,-0.561685,-0.101118,11575.4,10600.4,0,408.332,0.0,106.691,319.992,140.039,1625.27,0.0,15144
888,0.906845,0.22568,0.355951,6433.37,5836.8,0,263.4,0.0,77.1756,255.987,0.0,891.143,0.0,11688
889,-0.167649,0.242829,-0.955473,2996.56,2817.77,0,178.791,0.0,0.0,0.0,0.0,391.51,0.0,11305
890,0.864582,0.502397,-0.00972825,12712.6,11474.1,0,190.488,0.0,316.312,731.714,0.0,1780.36,0.0,17082
891,-0.715109,-0.483531,0.504795,5342.31,4959.95,0,382.358,0.0,0.0,0.0,0.0,734.876,0.0,10107
892,-0.204514,0.97525,-0.0840275,8868.0,8609.23,0,258.766,0.0,0.0,0.0,0.0,1242.14,0.0,12350
893,-0.0181542,-0.0622328,-0.997897,3002.53,2921.04,0,81.4947,0.0,0.0,0.0,0.0,382.998,0.0,13815
894,-0.938182,0.10574,-0.329597,7072.35,6728.47,0,93.0117,0.0,106.453,144.416,0.0,979.466,0.0,12408
895,0.592599,0.786109,-0.175665,11655.3,10973.7,0,37.7666,158.624,106.862,378.413,0.0,1631.14,0.0,16188
896,0.259326,0.965516,-0.0229859,8867.89,8569.01,0,298.882,0.0,0.0,0.0,0.0,1242.32,0.0,12211
897,0.143371,-0.714285,-0.685012,4606.13,4346.8,0,259.336,0.0,0.0,0.0,0.0,631.21,0.0,9563
898,-0.94597,0.291462,-0.14209,9656.43,9170.97,0,115.101,0.0,103.757,266.601,0.0,1352.64,0.0,13318
899,0.631424,0.539629,-0.55687,4992.49,4807.81,0,184.676,0.0,0.0,0.0,0.0,686.933,0.0,9864
900,0.388618,0.254326,-0.885604,3310.23,3247.75,0,62.4815,0.0,0.0,0.0,0.0,443.781,0.0,9290
901,0.441059,-0.246402,0.862991,2966.0,2867.97,0,98.0287,0.0,0.0,0.0,0.0,400.427,0.0,8020
902,-0.669191,0.673031,-0.314981,6755.65,6296.54,0,94.157,0.0,105.487,185.819,73.6545,939.533,0.0,11099
903,-0.449374,-0.291828,0.844334,3467.73,3133.31,0,334.418,0.0,0.0,0.0,0.0,470.852,0.0,8232
904,-0.107026,-0.114349,-0.987659,2617.53,2492.9,0,124.635,0.0,0.0,0.0,0.0,338.792,0.0,10773
905,-0.456638,-0.850158,0.262131,7232.96,7232.65,0,0.308466,0.0,0.0,0.0,0.0,1007.55,0.0,11109
906,0.306176,-0.917174,0.255046,10942.0,9376.5,0,421.548,0.0,208.813,935.178,0.0,1523.59,0.0,16676
907,0.383426,0.535699,0.752337,4240.07,4037.99,0,202.087,0.0,0.0,0.0,0.0,577.806,0.0,9558
908,0.134242,-0.148719,0.979725,2965.49,2756.21,0,209.28,0.0,0.0,0.0,0.0,382.284,0.0,12455
909,0.851387,-0.524058,0.0224462,13450.7,12151.6,0,343.943,0.0,294.412,660.689,0.0,1889.2,0.0,17175
910,-0.0511172,0.603181,0.795964,4346.09,3781.0,0,210.166,0.0,81.7086,124.127,149.081,587.243,0.0,11327
911,-0.473521,-0.632269,-0.613199,5351.48,5116.0,0,235.488,0.0,0.0,0.0,0.0,733.261,0.0,10783
912,0.534296,-0.588253,-0.607031,4744.24,4503.74,0,240.502,0.0,0.0,0.0,0.0,650.308,0.0,9700
913,0.172009,-0.671,-0.72123,4197.44,3805.19,0,392.246,0.0,0.0,0.0,0.0,572.494,0.0,9515
914,0.955278,0.164139,0.245972,8142.17,8003.12,0,139.048,0.0,0.0,0.0,0.0,1137.42,0.0,11988
915,-0.253877,-0.5219,0.81435,3939.54,3099.99,0,16.9144,0.0,106.648,237.708,478.285,534.847,0.0,9582
916,-0.492712,0.082333,0.866289,3340.02,2653.43,0,277.217,0.0,0.0,241.756,167.623,452.169,0.0,8640
917,0.641611,0.746598,-0.175859,7768.78,7709.77,0,59.0096,0.0,0.0,0.0,0.0,1087.08,0.0,11012
918,0.338004,-0.804477,0.488436,5840.97,5047.73,0,194.905,0.0,106.682,491.651,0.0,805.183,0.0,11032
919,0.891318,0.318475,-0.322686,6575.85,6044.19,0,531.667,0.0,0.0,0.0,0.0,909.309,0.0,11650
920,-0.167964,0.334686,-0.92724,2951.35,2665.53,0,285.813,0.0,0.0,0.0,0.0,396.216,0.0,8289
921,0.75622,0.586722,0.289635,7360.1,7330.25,0,29.8442,0.0,0.0,0.0,0.0,1022.54,0.0,12196
922,0.516374,0.837509,-0.178709,11410.1,10764.9,0,206.663,0.0,106.677,331.838,0.0,1596.13,0.0,15612
923,-0.200677,-0.00562738,0.979641,3831.59,3581.94,0,60.5281,0.0,105.082,84.044,0.0,500.549,0.0,14339
924,0.604265,-0.600479,-0.523726,5414.75,5112.08,0,76.7395,0.0,67.07,158.868,0.0,743.659,0.0,11122
925,-0.453715,-0.884086,0.111962,9851.11,9035.82,0,253.257,0.0,106.63,291.056,164.349,1385.2,0.0,12983
926,-0.803768,-0.592807,0.0503697,11509.2,10638.6,0,433.717,0.0,96.9236,340.004,0.0,1617.96,0.0,14539
927,0.49537,-0.522448,0.694015,4363.81,4264.35,0,99.4585,0.0,0.0,0.0,0.0,596.49,0.0,9488
928,-0.710199,0.494512,0.501075,5836.18,5327.8,0,242.447,0.0,0.0,230.158,35.777,804.429,0.0,10900
929,0.350296,-0.243345,-0.904476,3616.15,3231.5,0,384.652,0.0,0.0,0.0,0.0,483.667,0.0,10628
930,0.868357,-0.314559,-0.383417,6154.89,5743.2,0,279.604,0.0,106.691,25.3924,0.0,849.517,0.0,11526
931,0.876848,-0.377032,0.298303,7128.76,6633.0,0,495.753,0.0,0.0,0.0,0.0,989.752,0.0,11931
932,0.585278,0.561203,0.585236,5580.34,5128.51,0,75.192,0.0,91.17,285.472,0.0,765.37,0.0,11202
933,0.101868,0.872249,-0.478335,5386.05,5319.96,0,66.0948,0.0,0.0,0.0,0.0,739.059,0.0,10864
934,-0.278995,0.305864,0.91028,3733.59,3345.62,0,107.422,0.0,106.596,173.954,0.0,500.715,0.0,10732
935,-0.928636,0.223491,-0.29612,6777.33,6228.15,0,63.6328,0.0,106.542,379.013,0.0,941.953,0.0,11178
936,-0.505832,-0.839756,-0.197342,12677.8,10536.1,0,494.502,51.3167,322.989,1025.71,246.881,1778.81,0.288,16740
937,-0.520258,-0.60329,-0.604461,4863.74,4448.31,0,415.43,0.0,0.0,0.0,0.0,666.615,0.0,9959
938,0.0405202,0.948304,-0.314767,8584.67,7469.59,0,373.759,0.0,106.484,402.411,232.419,1193.5,0.0,13645
939,-0.558911,-0.802696,0.208081,7907.1,7308.47,0,204.137,0.0,106.623,287.865,0.0,1107.95,0.0,11022
940,0.819229,0.35342,0.451617,6056.91,5096.77,0,180.992,0.0,187.198,591.954,0.0,834.109,0.0,11684
941,0.75692,0.305061,0.577935,5269.67,5241.29,0,28.387,0.0,0.0,0.0,0.0,723.18,0.0,10496
942,0.599796,-0.710167,-0.368655,6624.43,6269.95,0,24.0355,0.0,106.658,223.791,0.0,915.775,0.0,11934
943,0.566805,0.216331,0.794942,4459.17,3911.54,0,135.404,0.0,213.213,199.01,0.0,608.097,0.0,9964
944,-0.363132,0.579699,-0.729441,3877.2,3529.74,0,347.464,0.0,0.0,0.0,0.0,530.433,0.0,8503
945,-0.993832,0.0329018,0.105905,10147.6,9463.1,0,205.703,0.0,106.657,372.118,0.0,1417.21,0.0,15013
946,0.873758,0.0483476,-0.483951,5467.3,5292.4,0,174.894,0.0,0.0,0.0,0.0,753.951,0.0,10048
947,0.919146,0.360673,-0.158384,11999.5,10769.1,0,389.618,0.0,207.806,633.045,0.0,1676.72,0.0,17078
948,-0.172859,-0.981409,0.0834025,10226.7,9776.51,0,214.264,0.0,96.8811,139.051,0.0,1433.82,0.0,13956
949,0.182475,0.93903,-0.29142,6872.32,6814.99,0,57.3275,0.0,0.0,0.0,0.0,955.381,0.0,11188
950,0.81419,0.200259,-0.544969,5318.78,4972.94,0,345.836,0.0,0.0,0.0,0.0,733.231,0.0,10153
951,0.405214,0.775439,-0.484247,5812.76,5478.33,0,334.436,0.0,0.0,0.0,0.0,800.553,0.0,10964
952,-0.537046,0.391838,-0.747024,4966.05,4580.18,0,9.23166,0.0,207.666,168.975,0.0,681.213,0.0,10552
953,0.770596,0.516303,-0.373647,6175.83,6101.31,0,74.5198,0.0,0.0,0.0,0.0,851.315,0.0,11276
954,0.119176,0.665555,-0.736772,4107.35,3691.54,0,415.814,0.0,0.0,0.0,0.0,561.426,0.0,8877
955,0.852157,0.360768,-0.379045,6507.72,6392.38,0,115.34,0.0,0.0,0.0,0.0,901.911,0.0,11371
956,0.489926,-0.609831,-0.622959,4221.75,4132.14,0,89.6045,0.0,0.0,0.0,0.0,577.76,0.0,8847
957,0.818412,0.0269695,-0.573999,4676.1,4658.25,0,17.8525,0.0,0.0,0.0,0.0,642.782,0.0,9218
958,0.0380708,0.870214,-0.491201,5781.5,5317.19,0,333.861,0.0,106.688,23.7649,0.0,798.379,0.0,10769
959,0.822538,0.515714,-0.239731,8073.01,7939.83,0,133.18,0.0,0.0,0.0,0.0,1131.69,0.0,11496
960,0.976808,0.119694,-0.17754,9162.42,9116.55,0,45.8689,0.0,0.0,0.0,0.0,1284.81,0.0,12626
961,-0.83326,0.276114,0.478998,6309.9,5301.17,0,339.062,0.0,209.15,460.516,0.0,870.825,0.0,11798
962,-0.252804,0.125892,-0.959292,3206.2,3017.43,0,188.774,0.0,0.0,0.0,0.0,416.404,0.0,12639
963,-0.160979,0.0578316,-0.985262,2909.96,2794.27,0,115.686,0.0,0.0,0.0,0.0,378.17,0.0,11285
964,0.736169,-0.0286187,-0.676193,5618.83,4703.82,0,133.384,0.0,208.226,25.1805,548.218,770.294,0.0,12118
965,0.772708,-0.0897601,0.628384,4890.01,4254.37,0,297.295,86.2458,119.448,132.358,0.0,671.991,0.288,9516
966,0.516577,0.660008,0.54547,5484.16,4970.35,0,83.1075,0.0,106.683,324.021,0.0,755.122,0.0,10687
967,-0.320973,-0.911306,-0.25787,7623.63,7342.91,0,280.72,0.0,0.0,0.0,0.0,1063.84,0.0,11484
968,0.602659,-0.781397,-0.161932,11019.1,10663.7,0,355.443,0.0,0.0,0.0,0.0,1545.48,0.0,14646
969,0.474103,-0.848286,-0.235876,7541.67,7111.81,0,429.867,0.0,0.0,0.0,0.0,1054.59,0.0,11044
970,-0.144607,0.971125,-0.18975,8805.8,8653.35,0,25.5184,0.0,106.69,20.237,0.0,1236.1,0.0,11966
971,-0.332795,0.364151,-0.869851,3311.52,3198.01,0,113.508,0.0,0.0,0.0,0.0,446.42,0.0,8783
972,0.634669,-0.628198,0.450069,6201.32,5579.59,0,360.629,0.0,0.0,87.5601,173.543,855.977,0.0,11325
973,0.830937,0.0231322,0.555886,5388.7,5096.82,0,291.876,0.0,0.0,0.0,0.0,740.541,0.0,10497
974,-0.0394413,0.600487,-0.798661,3318.27,2949.3,0,368.969,0.0,0.0,0.0,0.0,451.139,0.0,8087
975,0.267345,-0.418233,0.868106,3335.78,3271.55,0,64.2268,0.0,0.0,0.0,0.0,450.456,0.0,8814
976,-0.0105587,0.505496,-0.862764,3439.95,3321.69,0,118.258,0.0,0.0,0.0,0.0,462.547,0.0,9434
977,-0.812283,-0.0475132,-0.581324,4879.88,4775.49,0,104.395,0.0,0.0,0.0,0.0,671.199,0.0,9729
978,-0.291891,-0.943699,-0.155667,9670.12,9148.32,0,521.797,0.0,0.0,0.0,0.0,1356.68,0.0,13003
979,0.811441,0.191171,-0.552284,5597.97,5271.62,0,13.6639,0.0,106.101,206.583,0.0,766.593,0.0,11651
980,0.011605,0.293291,0.955953,3142.72,2933.96,0,208.755,0.0,0.0,0.0,0.0,417.597,0.0,9879
981,0.270772,-0.613937,-0.741461,3953.77,3768.38,0,185.387,0.0,0.0,0.0,0.0,537.997,0.0,9289
982,-0.198508,0.608298,-0.768485,3921.63,3776.4,0,145.228,0.0,0.0,0.0,0.0,533.912,0.0,9013
983,-0.894906,0.444336,0.0413359,9600.91,9145.79,0,455.128,0.0,0.0,0.0,0.0,1347.18,0.0,12998
984,0.34283,0.890524,-0.299056,7125.36,6740.59,0,384.764,0.0,0.0,0.0,0.0,991.283,0.0,11657
985,0.580885,0.63166,-0.513399,5147.89,4958.05,0,189.837,0.0,0.0,0.0,0.0,709.165,0.0,10044
986,-0.248063,-0.46087,0.852093,3018.42,2832.18,0,186.243,0.0,0.0,0.0,0.0,408.214,0.0,7729
987,-0.667817,-0.158726,0.727204,4141.92,3737.09,0,404.83,0.0,0.0,0.0,0.0,566.485,0.0,9026
988,0.130029,0.907872,0.398574,7140.4,6223.61,0,28.0344,0.0,186.361,320.055,382.34,988.67,0.0,12708
989,0.00633079,-0.0736524,0.997264,3038.23,2475.09,0,183.041,0.0,106.621,273.478,0.0,394.239,0.0,12116
990,-0.0839256,-0.977734,-0.192337,8856.55,8126.44,0,217.744,0.0,99.0916,208.087,205.188,1240.75,0.0,12326
991,-0.0736091,0.988226,0.134129,10694.6,10266.1,0,131.949,0.0,80.0453,0.149954,216.294,1497.73,0.0,14304
992,-0.722594,-0.293591,-0.625829,4451.69,4335.59,0,116.096,0.0,0.0,0.0,0.0,609.975,0.0,9318
993,-0.525514,0.818388,0.232544,8925.04,8048.89,0,362.647,0.0,205.732,307.776,0.0,1248.51,0.0,12809
994,0.635944,-0.453016,-0.624782,4752.85,4590.02,0,162.824,0.0,0.0,0.0,0.0,650.411,0.0,9858
995,0.179226,-0.338959,-0.923572,3043.92,2698.56,0,345.357,0.0,0.0,0.0,0.0,406.533,0.0,9122
996,0.387767,-0.597336,0.702016,4202.42,4170.28,0,32.133,0.0,0.0,0.0,0.0,572.072,0.0,9481
997,0.484784,-0.178335,-0.85626,3540.79,3383.49,0,157.301,0.0,0.0,0.0,0.0,477.953,0.0,9274
998,0.227513,0.972113,0.0568676,10228.2,8855.78,0,215.351,0.0,309.878,645.205,201.941,1429.79,0.0,14312
999,-0.429932,-0.253271,0.86661,3449.54,3338.42,0,111.12,0.0,0.0,0.0,0.0,464.005,0.0,9373
