Event,Tot,Cerenkov,compt,CoupledTransportation,eBrem,eIon,msc,muIoni,OpAbsorption,phot,NOfOptPhotons
0,2000.67,1961.91,0,38.755,0.0,0.0,0.0,0.0,284.631,0.0,2095
1,1986.18,1933.27,0,52.9092,0.0,0.0,0.0,0.0,281.568,0.0,2320
2,1561.62,1537.67,0,23.9472,0.0,0.0,0.0,0.0,222.483,0.0,1860
3,2004.18,1979.88,0,24.3019,0.0,0.0,0.0,0.0,282.559,0.0,2630
4,2550.2,2309.75,0,66.6842,0.0,100.25,73.5224,0.0,359.641,0.0,3638
5,2106.92,1834.38,0,62.5463,0.0,106.319,103.679,0.0,298.967,0.0,2197
6,1708.89,1674.36,0,34.5296,0.0,0.0,0.0,0.0,240.878,0.0,2553
7,4693.17,3647.86,0,252.525,0.0,202.24,151.478,439.061,660.594,0.0,6412
8,1616.89,1594.22,0,22.676,0.0,0.0,0.0,0.0,230.139,0.0,1823
9,1992.06,1962.92,0,29.1424,0.0,0.0,0.0,0.0,283.243,0.0,2148
10,1555.41,1531.37,0,24.0459,0.0,0.0,0.0,0.0,222.383,0.0,1644
11,1939.18,1770.23,0,60.6709,0.0,106.513,1.76014,0.0,274.785,0.0,2346
12,1728.57,1709.23,0,19.3379,0.0,0.0,0.0,0.0,246.294,0.0,1999
13,2257.1,2008.1,0,77.3646,0.0,106.673,64.9642,0.0,316.955,0.0,3426
14,1904.18,1824.06,0,80.1164,0.0,0.0,0.0,0.0,265.203,0.0,3500
15,1782.01,1758.75,0,23.2521,0.0,0.0,0.0,0.0,252.583,0.0,2481
16,1880.66,1810.31,0,70.3492,0.0,0.0,0.0,0.0,267.21,0.0,2018
17,1542.0,1507.82,0,34.1712,0.0,0.0,0.0,0.0,219.971,0.0,1705
18,2075.53,2046.34,0,29.1847,0.0,0.0,0.0,0.0,294.189,0.0,2372
19,1568.15,1546.98,0,21.1698,0.0,0.0,0.0,0.0,221.574,0.0,2329
20,1926.32,1899.77,0,26.5438,0.0,0.0,0.0,0.0,274.832,0.0,2092
21,1870.84,1851.1,0,19.7351,0.0,0.0,0.0,0.0,261.203,0.0,3267
22,2302.23,1685.48,0,117.859,0.0,0.0,22.4029,476.489,323.63,0.0,3369
23,1869.78,1845.22,0,24.5568,0.0,0.0,0.0,0.0,266.092,0.0,2130
24,1884.3,1860.72,0,23.5766,0.0,0.0,0.0,0.0,267.104,0.0,2228
25,1603.55,1575.13,0,28.4196,0.0,0.0,0.0,0.0,229.356,0.0,1738
26,1737.26,1711.39,0,25.8699,0.0,0.0,0.0,0.0,245.993,0.0,2152
27,1656.4,1636.34,0,20.0674,0.0,0.0,0.0,0.0,234.888,0.0,2263
28,1810.6,1764.38,0,46.2153,0.0,0.0,0.0,0.0,257.335,0.0,2169
29,1773.64,1750.64,0,23.0051,0.0,0.0,0.0,0.0,252.556,0.0,1889
30,1715.02,1692.28,0,22.7483,0.0,0.0,0.0,0.0,243.077,0.0,2142
31,2162.16,2137.99,0,24.1693,0.0,0.0,0.0,0.0,304.14,0.0,3036
32,2399.74,1987.44,0,112.423,0.0,103.469,93.4099,102.996,333.937,0.0,4255
33,1516.35,1495.85,0,20.4996,0.0,0.0,0.0,0.0,217.305,0.0,1619
34,1781.21,1753.55,0,27.6612,0.0,0.0,0.0,0.0,253.554,0.0,1942
35,1738.38,1718.71,0,19.6729,0.0,0.0,0.0,0.0,247.783,0.0,1904
36,1686.74,1665.72,0,21.0199,0.0,0.0,0.0,0.0,238.85,0.0,2145
37,2298.27,2274.69,0,23.5825,0.0,0.0,0.0,0.0,325.484,0.0,2666
38,1511.26,1486.67,0,24.5878,0.0,0.0,0.0,0.0,215.104,0.0,1796
39,1726.5,1699.14,0,27.3625,0.0,0.0,0.0,0.0,244.237,0.0,2076
40,1996.46,1973.37,0,23.0919,0.0,0.0,0.0,0.0,284.529,0.0,2118
41,1563.13,1483.68,0,79.4522,0.0,0.0,0.0,0.0,223.152,0.0,1772
42,1600.48,1571.23,0,29.2576,0.0,0.0,0.0,0.0,228.528,0.0,1918
43,1716.86,1693.88,0,22.9752,0.0,0.0,0.0,0.0,244.383,0.0,1924
44,1513.21,1493.39,0,19.8254,0.0,0.0,0.0,0.0,215.732,0.0,1729
45,1607.57,1591.02,0,16.5531,0.0,0.0,0.0,0.0,228.182,0.0,2127
46,1659.96,1641.47,0,18.4863,0.0,0.0,0.0,0.0,236.303,0.0,1797
47,1641.69,1464.42,0,177.272,0.0,0.0,0.0,0.0,233.053,0.0,1982
48,2873.86,2617.67,0,124.284,0.0,95.3646,36.5328,0.0,407.826,0.0,3064
49,1664.19,1642.71,0,21.481,0.0,0.0,0.0,0.0,237.75,0.0,1751
50,1844.26,1812.61,0,31.6441,0.0,0.0,0.0,0.0,260.619,0.0,2539
51,1584.98,1557.85,0,27.1323,0.0,0.0,0.0,0.0,226.699,0.0,1711
52,2684.5,2415.29,0,112.765,0.0,106.324,50.1213,0.0,380.622,0.0,3204
53,1712.51,1684.8,0,27.7023,0.0,0.0,0.0,0.0,243.822,0.0,2034
54,1959.83,1933.68,0,26.1581,0.0,0.0,0.0,0.0,278.876,0.0,2136
55,1635.01,1613.23,0,21.7738,0.0,0.0,0.0,0.0,232.301,0.0,2156
56,1552.41,1531.25,0,21.157,0.0,0.0,0.0,0.0,222.2,0.0,1634
57,1569.25,1540.3,0,28.9525,0.0,0.0,0.0,0.0,223.487,0.0,1653
58,1568.16,1548.13,0,20.0345,0.0,0.0,0.0,0.0,223.773,0.0,1787
59,1849.49,1816.95,0,32.5348,0.0,0.0,0.0,0.0,262.772,0.0,2162
60,1573.08,1551.27,0,21.8006,0.0,0.0,0.0,0.0,224.109,0.0,1746
61,1527.4,1503.52,0,23.8719,0.0,0.0,0.0,0.0,217.128,0.0,1951
62,1942.37,1917.09,0,25.2812,0.0,0.0,0.0,0.0,276.278,0.0,2100
63,1800.39,1748.34,0,52.0487,0.0,0.0,0.0,0.0,256.462,0.0,1996
64,1677.87,1627.17,0,50.7017,0.0,0.0,0.0,0.0,239.245,0.0,1872
65,1476.6,1457.17,0,19.4285,0.0,0.0,0.0,0.0,209.253,0.0,2131
66,1660.46,1637.15,0,23.3077,0.0,0.0,0.0,0.0,236.088,0.0,1890
67,2006.51,1981.14,0,25.3658,0.0,0.0,0.0,0.0,284.172,0.0,2479
68,1962.45,1943.0,0,19.4465,0.0,0.0,0.0,0.0,278.664,0.0,2205
69,1564.97,1543.13,0,21.8435,0.0,0.0,0.0,0.0,223.303,0.0,1695
70,1565.05,1547.63,0,17.4233,0.0,0.0,0.0,0.0,223.883,0.0,1631
71,1577.55,1555.13,0,22.4256,0.0,0.0,0.0,0.0,224.526,0.0,1954
72,1884.53,1863.65,0,20.88,0.0,0.0,0.0,0.0,264.064,0.0,3038
73,1889.31,1864.63,0,24.6822,0.0,0.0,0.0,0.0,268.43,0.0,2095
74,1684.79,1648.41,0,36.3737,0.0,0.0,0.0,0.0,239.996,0.0,1818
75,2056.3,2039.79,0,16.5036,0.0,0.0,0.0,0.0,292.315,0.0,2288
76,1548.24,1527.2,0,21.0425,0.0,0.0,0.0,0.0,216.93,0.0,2819
77,1741.89,1714.26,0,27.6228,0.0,0.0,0.0,0.0,248.721,0.0,1811
78,1990.54,1929.4,0,61.1459,0.0,0.0,0.0,0.0,279.501,0.0,3101
79,2029.11,1764.02,0,121.936,0.0,105.923,37.2298,0.0,288.77,0.0,2266
80,1572.49,1547.14,0,25.3442,0.0,0.0,0.0,0.0,224.133,0.0,1912
81,1568.69,1542.98,0,25.7142,0.0,0.0,0.0,0.0,223.328,0.0,1790
82,2396.52,1921.34,0,77.2268,1.67258,212.972,183.309,0.0,338.541,0.0,3067
83,1748.08,1729.48,0,18.6021,0.0,0.0,0.0,0.0,248.32,0.0,1870
84,1769.3,1750.01,0,19.2902,0.0,0.0,0.0,0.0,249.394,0.0,2495
85,1597.71,1570.15,0,27.564,0.0,0.0,0.0,0.0,227.651,0.0,1852
86,1880.4,1852.09,0,28.31,0.0,0.0,0.0,0.0,267.584,0.0,1961
87,1409.63,1377.58,0,32.0433,0.0,0.0,0.0,0.0,201.51,0.0,1495
88,1818.46,1799.84,0,18.6203,0.0,0.0,0.0,0.0,258.734,0.0,2004
89,1544.46,1520.15,0,24.3164,0.0,0.0,0.0,0.0,219.84,0.0,1958
90,1920.45,1896.44,0,24.0068,0.0,0.0,0.0,0.0,272.082,0.0,2244
91,1602.14,1576.18,0,25.9608,0.0,0.0,0.0,0.0,225.888,0.0,2458
92,1895.31,1873.39,0,21.9172,0.0,0.0,0.0,0.0,269.727,0.0,2011
93,1700.94,1676.8,0,24.1388,0.0,0.0,0.0,0.0,240.834,0.0,2196
94,1728.88,1691.15,0,37.7344,0.0,0.0,0.0,0.0,245.808,0.0,2027
95,1699.11,1683.04,0,16.0625,0.0,0.0,0.0,0.0,242.187,0.0,1846
96,1595.92,1574.93,0,20.9866,0.0,0.0,0.0,0.0,225.31,0.0,2443
97,1808.41,1785.89,0,22.5162,0.0,0.0,0.0,0.0,256.646,0.0,2313
98,2786.43,2558.03,0,54.7654,0.0,100.867,72.7769,0.0,393.669,0.0,3479
99,1669.02,1648.99,0,20.0329,0.0,0.0,0.0,0.0,238.503,0.0,1722
100,1601.45,1579.13,0,22.3168,0.0,0.0,0.0,0.0,226.86,0.0,2056
101,1498.1,1463.8,0,34.2993,0.0,0.0,0.0,0.0,211.605,0.0,2218
102,1535.5,1515.91,0,19.5895,0.0,0.0,0.0,0.0,218.807,0.0,1937
103,1733.68,1714.7,0,18.9785,0.0,0.0,0.0,0.0,246.292,0.0,2116
104,2082.09,1796.61,0,52.0272,0.0,102.178,131.275,0.0,295.988,0.0,2342
105,1543.13,1524.21,0,18.9176,0.0,0.0,0.0,0.0,220.217,0.0,1755
106,1501.04,1475.83,0,25.2093,0.0,0.0,0.0,0.0,212.867,0.0,2042
107,1551.08,1528.84,0,22.238,0.0,0.0,0.0,0.0,221.853,0.0,1617
108,1824.81,1789.12,0,35.6912,0.0,0.0,0.0,0.0,260.263,0.0,1917
109,1463.58,1438.61,0,24.9763,0.0,0.0,0.0,0.0,209.116,0.0,1687
110,1561.49,1530.64,0,30.8521,0.0,0.0,0.0,0.0,223.008,0.0,1707
111,3030.8,2787.49,0,60.0445,0.0,96.6973,86.5681,0.0,430.195,0.0,3526
112,2285.56,2074.76,0,210.801,0.0,0.0,0.0,0.0,323.359,0.0,2761
113,1729.57,1381.55,0,293.139,0.0,0.0,54.8861,0.0,246.413,0.0,1927
114,1939.2,1919.28,0,19.9152,0.0,0.0,0.0,0.0,275.2,0.0,2234
115,1576.71,1554.21,0,22.4995,0.0,0.0,0.0,0.0,225.681,0.0,1663
116,1752.47,1733.65,0,18.8177,0.0,0.0,0.0,0.0,247.684,0.0,2424
117,2045.2,2027.24,0,17.9612,0.0,0.0,0.0,0.0,290.285,0.0,2237
118,3114.51,2821.38,0,196.284,0.0,0.0,96.8463,0.0,440.79,0.0,3440
119,1900.92,1880.44,0,20.4844,0.0,0.0,0.0,0.0,270.507,0.0,2064
120,2005.96,1857.18,0,101.867,0.0,0.0,46.9122,0.0,287.075,0.0,2216
121,1758.31,1734.53,0,23.7813,0.0,0.0,0.0,0.0,250.309,0.0,2156
122,1843.54,1824.63,0,18.9164,0.0,0.0,0.0,0.0,261.903,0.0,2034
123,2171.37,2151.31,0,20.0685,0.0,0.0,0.0,0.0,308.774,0.0,2327
124,1877.89,1843.75,0,34.1349,0.0,0.0,0.0,0.0,268.294,0.0,1980
125,1627.53,1607.93,0,19.6039,0.0,0.0,0.0,0.0,231.731,0.0,1888
126,3145.6,2927.26,0,119.397,0.0,0.0,98.9459,0.0,445.956,0.0,4085
127,1823.69,1804.87,0,18.8147,0.0,0.0,0.0,0.0,258.139,0.0,2504
128,1816.68,1792.83,0,23.8467,0.0,0.0,0.0,0.0,258.822,0.0,2017
129,1576.01,1557.43,0,18.5804,0.0,0.0,0.0,0.0,222.322,0.0,2457
130,2433.17,2195.94,0,66.7714,0.0,106.672,63.7925,0.0,344.934,0.0,2570
131,2278.64,1913.22,0,98.4294,0.0,97.2158,63.5794,106.204,324.252,0.0,2524
132,1715.06,1691.36,0,23.6975,0.0,0.0,0.0,0.0,244.931,0.0,1871
133,1692.24,1654.86,0,37.3788,0.0,0.0,0.0,0.0,240.138,0.0,2108
134,1704.56,1685.17,0,19.3919,0.0,0.0,0.0,0.0,242.684,0.0,2103
135,1767.95,1743.76,0,24.1879,0.0,0.0,0.0,0.0,251.294,0.0,1998
136,1652.5,1630.21,0,22.2917,0.0,0.0,0.0,0.0,234.078,0.0,2237
137,1842.12,1826.82,0,15.2944,0.0,0.0,0.0,0.0,261.899,0.0,2103
138,2022.37,1932.61,0,89.7617,0.0,0.0,0.0,0.0,286.01,0.0,2608
139,1701.77,1678.16,0,23.6185,0.0,0.0,0.0,0.0,241.052,0.0,2183
140,2506.09,2315.91,0,145.965,0.0,0.0,44.2176,0.0,357.476,0.0,2767
141,1721.51,1687.46,0,34.0538,0.0,0.0,0.0,0.0,244.815,0.0,1988
142,1543.36,1514.89,0,28.4655,0.0,0.0,0.0,0.0,220.335,0.0,1661
143,2217.89,1876.06,0,95.2437,0.0,106.464,29.5212,110.6,314.917,0.0,2629
144,1499.32,1477.55,0,21.7714,0.0,0.0,0.0,0.0,213.636,0.0,1696
145,1562.85,1538.35,0,24.5021,0.0,0.0,0.0,0.0,222.182,0.0,1690
146,1508.77,1488.12,0,20.6517,0.0,0.0,0.0,0.0,215.238,0.0,1657
147,2145.61,2126.51,0,19.1046,0.0,0.0,0.0,0.0,304.555,0.0,2403
148,1866.24,1840.97,0,25.2698,0.0,0.0,0.0,0.0,264.652,0.0,2260
149,2556.81,1869.61,0,61.3003,0.0,104.413,178.944,342.535,361.092,0.0,3338
150,2235.32,1866.26,0,24.0407,0.0,102.023,118.814,124.177,317.716,0.0,2400
151,1690.35,1665.58,0,24.771,0.0,0.0,0.0,0.0,241.234,0.0,1805
152,1781.6,1755.56,0,26.0349,0.0,0.0,0.0,0.0,254.091,0.0,1968
153,1915.62,1896.51,0,19.1081,0.0,0.0,0.0,0.0,271.233,0.0,2471
154,1871.18,1801.2,0,69.9815,0.0,0.0,0.0,0.0,266.59,0.0,1922
155,1718.76,1698.18,0,20.5858,0.0,0.0,0.0,0.0,242.877,0.0,2260
156,1734.0,1714.2,0,19.8037,0.0,0.0,0.0,0.0,244.973,0.0,2483
157,1906.37,1883.7,0,22.6704,0.0,0.0,0.0,0.0,268.861,0.0,2845
158,2129.55,2106.7,0,22.8461,0.0,0.0,0.0,0.0,302.747,0.0,2299
159,1492.01,1466.68,0,25.3317,0.0,0.0,0.0,0.0,212.742,0.0,1703
160,1746.28,1716.03,0,30.2534,0.0,0.0,0.0,0.0,247.876,0.0,2167
161,1583.2,1545.47,0,37.724,0.0,0.0,0.0,0.0,224.98,0.0,2082
162,1963.14,1939.82,0,23.3268,0.0,0.0,0.0,0.0,278.748,0.0,1999
163,2160.85,1549.41,0,23.5707,0.0,98.5731,3.65011,485.644,303.483,0.0,3439
164,1735.82,1717.84,0,17.9754,0.0,0.0,0.0,0.0,243.155,0.0,3084
165,2463.9,2439.01,0,24.8957,0.0,0.0,0.0,0.0,349.2,0.0,2696
166,1952.45,1917.92,0,23.6531,0.0,0.0,10.878,0.0,276.244,0.0,2471
167,1916.47,1847.75,0,68.7116,0.0,0.0,0.0,0.0,270.078,0.0,2736
168,1437.03,1418.66,0,18.3743,0.0,0.0,0.0,0.0,205.287,0.0,1700
169,1720.93,1695.3,0,25.6289,0.0,0.0,0.0,0.0,244.723,0.0,1905
170,1713.66,1649.16,0,64.504,0.0,0.0,0.0,0.0,242.765,0.0,2244
171,2475.25,2413.86,0,8.03838,0.0,27.8829,25.4713,0.0,347.931,0.0,3374
172,1783.21,1751.14,0,32.0737,0.0,0.0,0.0,0.0,252.961,0.0,2117
173,1844.31,1822.76,0,21.5542,0.0,0.0,0.0,0.0,262.086,0.0,2197
174,1818.45,1796.67,0,21.7797,0.0,0.0,0.0,0.0,259.13,0.0,2010
175,1889.99,1863.43,0,26.5527,0.0,0.0,0.0,0.0,264.595,0.0,3030
176,1753.33,1718.5,0,34.828,0.0,0.0,0.0,0.0,249.314,0.0,2009
177,1707.41,1687.74,0,19.673,0.0,0.0,0.0,0.0,241.342,0.0,2473
178,1636.5,1616.16,0,20.3345,0.0,0.0,0.0,0.0,231.725,0.0,2154
179,3846.92,3322.3,0,0.888868,0.0,53.8255,28.9045,440.999,545.69,0.0,4495
180,2135.14,2075.86,0,59.2846,0.0,0.0,0.0,0.0,301.607,0.0,2750
181,1835.89,1815.08,0,20.8148,0.0,0.0,0.0,0.0,261.489,0.0,2043
182,2109.08,1820.52,0,60.2953,0.0,106.038,122.229,0.0,295.02,0.0,3451
183,2381.99,2115.95,0,109.808,0.0,103.658,52.569,0.0,335.278,0.0,3492
184,2219.39,1965.87,0,80.6566,0.0,106.527,66.3312,0.0,313.239,0.0,2803
185,2612.9,1797.75,0,198.256,0.0,213.061,45.9732,357.86,368.056,0.0,3303
186,1751.21,1726.66,0,24.5411,0.0,0.0,0.0,0.0,248.688,0.0,2032
187,1734.63,1705.48,0,29.1565,0.0,0.0,0.0,0.0,246.267,0.0,2103
188,1563.13,1547.52,0,15.6135,0.0,0.0,0.0,0.0,222.973,0.0,1786
189,1447.88,1420.74,0,27.1363,0.0,0.0,0.0,0.0,206.83,0.0,1591
190,1643.63,1481.73,0,161.898,0.0,0.0,0.0,0.0,234.987,0.0,1685
191,1751.52,1726.26,0,25.2665,0.0,0.0,0.0,0.0,249.312,0.0,1853
192,2250.46,1739.16,0,260.601,0.0,0.0,250.701,0.0,318.682,0.0,2902
193,1788.86,1768.57,0,20.2945,0.0,0.0,0.0,0.0,254.269,0.0,2092
194,1911.95,1892.26,0,19.6875,0.0,0.0,0.0,0.0,271.344,0.0,2121
195,2969.37,2422.04,0,101.926,0.0,106.684,173.665,165.051,423.723,0.0,3173
196,1998.4,1976.43,0,21.9692,0.0,0.0,0.0,0.0,282.27,0.0,2553
197,1632.05,1604.27,0,27.7863,0.0,0.0,0.0,0.0,232.503,0.0,1964
198,1725.15,1702.63,0,22.5265,0.0,0.0,0.0,0.0,244.012,0.0,2317
199,1766.52,1647.42,0,119.097,0.0,0.0,0.0,0.0,250.335,0.0,2283
200,1925.41,1902.68,0,22.7295,0.0,0.0,0.0,0.0,272.161,0.0,2492
201,1646.74,1625.68,0,21.0673,0.0,0.0,0.0,0.0,232.953,0.0,2149
202,1604.83,1583.8,0,21.0224,0.0,0.0,0.0,0.0,224.913,0.0,2903
203,1685.87,1665.01,0,20.8639,0.0,0.0,0.0,0.0,240.886,0.0,1731
204,1812.34,1790.24,0,22.1017,0.0,0.0,0.0,0.0,257.255,0.0,2235
205,1524.39,1507.76,0,16.625,0.0,0.0,0.0,0.0,218.173,0.0,1597
206,2020.12,2001.86,0,18.2618,0.0,0.0,0.0,0.0,287.878,0.0,2176
207,2325.63,2089.7,0,101.015,0.0,106.483,28.4369,0.0,322.371,0.0,4562
208,1865.68,1835.94,0,29.7476,0.0,0.0,0.0,0.0,265.6,0.0,2226
209,1504.07,1479.25,0,24.8202,0.0,0.0,0.0,0.0,215.473,0.0,1582
210,1544.85,1513.61,0,31.2438,0.0,0.0,0.0,0.0,220.508,0.0,1702
211,1600.67,1583.63,0,17.0384,0.0,0.0,0.0,0.0,227.612,0.0,2088
212,2172.76,2148.23,0,24.5345,0.0,0.0,0.0,0.0,308.245,0.0,2527
213,1718.39,1690.84,0,27.555,0.0,0.0,0.0,0.0,243.861,0.0,2073
214,1710.85,1689.83,0,21.0136,0.0,0.0,0.0,0.0,244.021,0.0,1943
215,1775.28,1759.67,0,15.6133,0.0,0.0,0.0,0.0,252.462,0.0,2177
216,3281.45,3182.71,0,82.8294,0.0,0.0,15.9103,0.0,466.676,0.0,3945
217,1607.64,1549.2,0,58.4382,0.0,0.0,0.0,0.0,227.457,0.0,2227
218,1704.95,1683.5,0,21.4453,0.0,0.0,0.0,0.0,240.793,0.0,2408
219,3859.43,3447.67,0,14.2774,0.0,209.047,188.436,0.0,547.549,0.0,4093
220,1616.72,1593.98,0,22.7369,0.0,0.0,0.0,0.0,230.924,0.0,1778
221,1778.61,1760.17,0,18.4404,0.0,0.0,0.0,0.0,250.225,0.0,2713
222,1771.75,1751.43,0,20.3154,0.0,0.0,0.0,0.0,245.292,0.0,3722
223,1710.28,1660.79,0,49.4908,0.0,0.0,0.0,0.0,242.723,0.0,2351
224,1765.47,1743.46,0,22.002,0.0,0.0,0.0,0.0,249.929,0.0,2264
225,2085.23,2057.7,0,27.5367,0.0,0.0,0.0,0.0,295.131,0.0,2586
226,1687.69,1658.71,0,28.9863,0.0,0.0,0.0,0.0,240.481,0.0,1845
227,1465.17,1441.78,0,23.3888,0.0,0.0,0.0,0.0,209.444,0.0,1826
228,1588.12,1568.46,0,19.6636,0.0,0.0,0.0,0.0,225.475,0.0,2262
229,1660.13,1626.75,0,33.3809,0.0,0.0,0.0,0.0,237.088,0.0,1792
230,2932.71,2342.97,0,58.0028,54.2874,106.275,371.174,0.0,415.925,0.0,3429
231,1653.05,1628.56,0,24.4865,0.0,0.0,0.0,0.0,235.335,0.0,2003
232,3195.73,2935.61,0,83.859,0.0,106.691,69.5718,0.0,452.49,0.0,3625
233,1639.71,1621.08,0,18.6254,0.0,0.0,0.0,0.0,233.107,0.0,1917
234,2393.53,2152.68,0,95.4541,0.0,106.656,38.7319,0.0,340.576,0.0,2570
235,1632.04,1609.5,0,22.5392,0.0,0.0,0.0,0.0,232.247,0.0,1799
236,1612.47,1587.99,0,24.4777,0.0,0.0,0.0,0.0,229.658,0.0,1989
237,1505.61,1483.95,0,21.6644,0.0,0.0,0.0,0.0,216.064,0.0,1616
238,1631.8,1611.14,0,20.6643,0.0,0.0,0.0,0.0,232.781,0.0,1716
239,1884.68,1860.63,0,24.0426,0.0,0.0,0.0,0.0,267.711,0.0,2213
240,1768.75,1742.47,0,26.2813,0.0,0.0,0.0,0.0,251.594,0.0,2044
241,1845.36,1820.58,0,24.7784,0.0,0.0,0.0,0.0,262.944,0.0,2057
242,1805.14,1761.18,0,43.9602,0.0,0.0,0.0,0.0,256.026,0.0,2162
243,1841.09,1636.62,0,113.169,0.0,0.0,91.3013,0.0,259.022,0.0,3135
244,1842.83,1823.22,0,19.6087,0.0,0.0,0.0,0.0,260.55,0.0,2604
245,1608.46,1579.44,0,29.0197,0.0,0.0,0.0,0.0,228.881,0.0,1986
246,2578.67,2344.08,0,176.947,0.0,0.0,57.6389,0.0,366.875,0.0,2802
247,1571.29,1545.16,0,26.1293,0.0,0.0,0.0,0.0,224.206,0.0,1849
248,1554.78,1519.21,0,35.5657,0.0,0.0,0.0,0.0,221.091,0.0,1962
249,1615.05,1596.28,0,18.7734,0.0,0.0,0.0,0.0,229.002,0.0,2054
250,1644.95,1627.01,0,17.9386,0.0,0.0,0.0,0.0,233.064,0.0,2158
251,1676.85,1656.29,0,20.5581,0.0,0.0,0.0,0.0,239.313,0.0,1820
252,1562.48,1526.56,0,35.9185,0.0,0.0,0.0,0.0,221.946,0.0,1992
253,1989.84,1966.76,0,23.0772,0.0,0.0,0.0,0.0,279.729,0.0,2920
254,1863.04,1837.36,0,25.6801,0.0,0.0,0.0,0.0,264.972,0.0,2075
255,1807.24,1781.26,0,25.976,0.0,0.0,0.0,0.0,257.119,0.0,2018
256,1810.6,1788.63,0,21.9617,0.0,0.0,0.0,0.0,255.202,0.0,2748
257,2087.88,1771.16,0,46.5823,0.0,103.868,90.973,75.2892,290.547,0.0,3995
258,2423.52,1518.57,0,105.324,0.0,105.831,47.8183,645.973,324.563,0.0,8092
259,1482.69,1459.67,0,23.0124,0.0,0.0,0.0,0.0,212.296,0.0,1599
260,1908.31,1886.58,0,21.7367,0.0,0.0,0.0,0.0,268.153,0.0,2788
261,1695.59,1674.12,0,21.4636,0.0,0.0,0.0,0.0,238.056,0.0,2906
262,1627.71,1503.46,0,124.252,0.0,0.0,0.0,0.0,230.409,0.0,2207
263,1962.93,1943.87,0,19.0592,0.0,0.0,0.0,0.0,279.042,0.0,2182
264,1765.03,1741.05,0,23.9746,0.0,0.0,0.0,0.0,247.154,0.0,3043
265,1791.43,1765.84,0,25.5919,0.0,0.0,0.0,0.0,249.546,0.0,3594
266,2066.95,2033.67,0,33.2726,0.0,0.0,0.0,0.0,292.242,0.0,2613
267,1516.95,1491.47,0,25.4861,0.0,0.0,0.0,0.0,213.686,0.0,2401
268,1725.89,1698.61,0,27.2811,0.0,0.0,0.0,0.0,245.834,0.0,1922
269,1544.96,1518.05,0,26.9021,0.0,0.0,0.0,0.0,220.787,0.0,1647
270,1758.95,1735.14,0,23.8087,0.0,0.0,0.0,0.0,249.859,0.0,2162
271,1987.87,1964.02,0,23.8511,0.0,0.0,0.0,0.0,279.21,0.0,3073
272,1602.44,1579.34,0,23.0976,0.0,0.0,0.0,0.0,228.241,0.0,1685
273,1724.61,1692.67,0,31.9353,0.0,0.0,0.0,0.0,240.637,0.0,3276
274,1591.76,1568.08,0,23.6746,0.0,0.0,0.0,0.0,227.104,0.0,1668
275,2854.17,1651.24,0,80.0132,0.0,105.264,437.759,579.891,402.917,0.0,3667
276,1615.92,1584.62,0,31.2956,0.0,0.0,0.0,0.0,217.061,0.0,5370
277,2183.94,1939.39,0,57.3176,0.0,106.572,80.6637,0.0,311.595,0.0,2323
278,1620.76,1572.95,0,47.8093,0.0,0.0,0.0,0.0,229.463,0.0,2260
279,1486.58,1458.31,0,28.2696,0.0,0.0,0.0,0.0,211.188,0.0,1968
280,2995.65,2766.04,0,140.327,0.0,56.1452,33.1398,0.0,422.32,0.0,4003
281,2953.86,2666.24,0,8.34926,0.0,106.691,172.581,0.0,413.794,0.0,4747
282,1641.24,1621.87,0,19.3746,0.0,0.0,0.0,0.0,229.112,0.0,3132
283,1728.38,1706.26,0,22.1205,0.0,0.0,0.0,0.0,245.995,0.0,1809
284,1993.39,1971.64,0,21.7559,0.0,0.0,0.0,0.0,281.802,0.0,2599
285,1636.27,1617.08,0,19.1895,0.0,0.0,0.0,0.0,226.598,0.0,3685
286,1718.09,1699.26,0,18.8274,0.0,0.0,0.0,0.0,243.658,0.0,2229
287,2581.72,2348.98,0,58.369,0.0,94.9982,79.3788,0.0,358.36,0.0,4799
288,1474.23,1435.46,0,38.7746,0.0,0.0,0.0,0.0,210.834,0.0,1513
289,1591.64,1558.17,0,33.4635,0.0,0.0,0.0,0.0,226.386,0.0,1886
290,1677.8,1659.42,0,18.3782,0.0,0.0,0.0,0.0,238.065,0.0,2115
291,1786.4,1760.98,0,25.4215,0.0,0.0,0.0,0.0,254.291,0.0,1834
292,1823.62,1797.59,0,26.0324,0.0,0.0,0.0,0.0,258.069,0.0,2475
293,1810.94,1782.53,0,28.409,0.0,0.0,0.0,0.0,254.739,0.0,2755
294,2349.67,2110.58,0,77.9589,0.0,105.669,55.4659,0.0,332.935,0.0,2732
295,3275.14,2905.52,0,61.7107,0.0,232.492,75.4136,0.0,463.519,0.0,3845
296,1703.83,1631.99,0,71.8401,0.0,0.0,0.0,0.0,242.683,0.0,1834
297,1914.01,1781.49,0,2.46701,0.0,106.672,23.3834,0.0,272.765,0.0,2051
298,2494.64,2369.55,0,2.06673,0.0,106.634,16.3881,0.0,352.275,0.0,3402
299,1674.56,1649.84,0,24.7205,0.0,0.0,0.0,0.0,237.453,0.0,2357
300,1613.02,1585.34,0,27.6826,0.0,0.0,0.0,0.0,228.555,0.0,2176
301,1881.41,1800.87,0,80.5407,0.0,0.0,0.0,0.0,264.091,0.0,3009
302,1687.01,1667.29,0,19.7179,0.0,0.0,0.0,0.0,240.821,0.0,1858
303,1489.21,1459.3,0,29.9016,0.0,0.0,0.0,0.0,211.826,0.0,1838
304,1784.52,1765.17,0,19.3492,0.0,0.0,0.0,0.0,252.615,0.0,2356
305,2327.46,2204.21,0,0.47304,0.0,92.3814,30.396,0.0,328.718,0.0,3138
306,1650.06,1594.14,0,55.92,0.0,0.0,0.0,0.0,233.167,0.0,2317
307,2142.18,1688.29,0,27.281,0.0,105.648,320.96,0.0,304.653,0.0,2349
308,2101.37,1707.9,0,18.7963,0.0,106.54,26.0715,242.062,299.511,0.0,2264
309,1616.6,1586.83,0,29.7699,0.0,0.0,0.0,0.0,230.341,0.0,1813
310,2102.41,1957.23,0,29.4263,0.0,104.664,11.098,0.0,297.269,0.0,2630
311,1611.49,1572.39,0,39.105,0.0,0.0,0.0,0.0,228.967,0.0,1987
312,1641.78,1617.53,0,24.2496,0.0,0.0,0.0,0.0,234.027,0.0,1942
313,1554.53,1530.97,0,23.5548,0.0,0.0,0.0,0.0,222.231,0.0,1608
314,1819.1,1766.68,0,52.4174,0.0,0.0,0.0,0.0,258.91,0.0,1935
315,1480.98,1460.42,0,20.5581,0.0,0.0,0.0,0.0,211.369,0.0,1809
316,2036.55,2018.43,0,18.1164,0.0,0.0,0.0,0.0,289.081,0.0,2287
317,1822.16,1785.16,0,36.9994,0.0,0.0,0.0,0.0,259.409,0.0,1985
318,2120.46,2077.73,0,42.7268,0.0,0.0,0.0,0.0,299.837,0.0,2670
319,1590.76,1537.54,0,53.2133,0.0,0.0,0.0,0.0,227.039,0.0,1781
320,1582.08,1557.02,0,25.0597,0.0,0.0,0.0,0.0,224.751,0.0,1977
321,1661.49,1640.15,0,21.3404,0.0,0.0,0.0,0.0,235.847,0.0,2247
322,1702.04,1684.58,0,17.4601,0.0,0.0,0.0,0.0,240.292,0.0,2434
323,4102.98,3624.34,0,181.529,0.0,250.663,46.446,0.0,579.074,0.0,5320
324,1751.67,1732.38,0,19.293,0.0,0.0,0.0,0.0,245.442,0.0,2844
325,1664.35,1634.59,0,29.7514,0.0,0.0,0.0,0.0,231.363,0.0,3634
326,1748.75,1727.33,0,21.4239,0.0,0.0,0.0,0.0,247.859,0.0,2166
327,1822.83,1800.54,0,22.2886,0.0,0.0,0.0,0.0,259.187,0.0,2157
328,1813.67,1796.09,0,17.5818,0.0,0.0,0.0,0.0,256.834,0.0,2313
329,3100.83,2369.92,0,108.395,0.0,54.5831,35.7882,532.142,440.072,0.0,3255
330,1934.75,1914.65,0,20.1005,0.0,0.0,0.0,0.0,273.9,0.0,2323
331,1559.01,1538.31,0,20.6995,0.0,0.0,0.0,0.0,209.561,0.0,5076
332,2052.92,2032.82,0,20.1033,0.0,0.0,0.0,0.0,289.948,0.0,2514
333,1564.73,1539.84,0,24.8878,0.0,0.0,0.0,0.0,222.725,0.0,1995
334,2016.15,1758.33,0,62.5863,0.0,106.162,89.0752,0.0,285.282,0.0,2589
335,1834.65,1808.69,0,25.9531,0.0,0.0,0.0,0.0,257.59,0.0,2871
336,1638.9,1604.83,0,34.0728,0.0,0.0,0.0,0.0,233.522,0.0,1761
337,1662.37,1641.93,0,20.4361,0.0,0.0,0.0,0.0,236.266,0.0,1753
338,1743.98,1721.65,0,22.3354,0.0,0.0,0.0,0.0,246.123,0.0,2432
339,2880.57,2663.92,0,128.577,0.0,59.2486,28.8214,0.0,407.212,0.0,3476
340,1596.52,1578.85,0,17.6753,0.0,0.0,0.0,0.0,226.579,0.0,2209
341,1498.86,1477.59,0,21.2607,0.0,0.0,0.0,0.0,213.84,0.0,1645
342,2938.15,2412.46,0,30.7711,0.0,212.596,142.763,139.559,414.42,0.0,3797
343,1910.01,1887.69,0,22.3159,0.0,0.0,0.0,0.0,270.763,0.0,2325
344,1513.24,1492.71,0,20.5241,0.0,0.0,0.0,0.0,216.526,0.0,1663
345,1818.0,1796.38,0,21.6194,0.0,0.0,0.0,0.0,258.337,0.0,2181
346,1836.68,1553.97,0,282.708,0.0,0.0,0.0,0.0,259.037,0.0,2492
347,1722.43,1689.17,0,33.2538,0.0,0.0,0.0,0.0,241.62,0.0,2756
348,1588.94,1568.55,0,20.3898,0.0,0.0,0.0,0.0,224.776,0.0,2146
349,1714.39,1687.71,0,26.6744,0.0,0.0,0.0,0.0,241.856,0.0,2493
350,2136.34,1907.7,0,91.2437,0.0,81.918,55.471,0.0,303.799,0.0,2373
351,3122.9,2768.97,0,75.0674,0.0,98.5477,180.316,0.0,442.226,0.0,3555
352,1795.11,1772.17,0,22.9363,0.0,0.0,0.0,0.0,254.966,0.0,2078
353,1801.26,1775.75,0,25.5133,0.0,0.0,0.0,0.0,256.901,0.0,1864
354,2215.03,2192.55,0,22.4847,0.0,0.0,0.0,0.0,311.484,0.0,2986
355,1620.69,1591.65,0,29.0398,0.0,0.0,0.0,0.0,230.961,0.0,1775
356,1729.61,1702.21,0,27.3974,0.0,0.0,0.0,0.0,246.854,0.0,1902
357,2700.54,2449.25,0,113.798,0.0,103.154,34.3435,0.0,380.086,0.0,3845
358,5616.85,5014.63,0,111.27,0.0,369.495,65.0534,56.3943,799.273,0.0,6162
359,1774.55,1747.01,0,27.5384,0.0,0.0,0.0,0.0,252.579,0.0,1904
360,2136.74,1785.59,0,104.319,0.0,105.751,23.1838,117.897,303.729,0.0,2272
361,2708.03,2438.26,0,55.2297,0.0,105.117,109.422,0.0,385.111,0.0,2975
362,1591.84,1567.92,0,23.9213,0.0,0.0,0.0,0.0,220.297,0.0,3604
363,2043.94,1984.9,0,59.0439,0.0,0.0,0.0,0.0,289.056,0.0,2640
364,1871.81,1842.28,0,29.53,0.0,0.0,0.0,0.0,265.438,0.0,2181
365,2196.61,2171.78,0,24.8297,0.0,0.0,0.0,0.0,312.234,0.0,2256
366,1955.77,1918.22,0,37.5516,0.0,0.0,0.0,0.0,278.414,0.0,2131
367,2193.01,1606.27,0,218.519,0.0,105.021,30.5327,232.663,311.021,0.0,2673
368,2339.85,1720.87,0,85.917,0.0,106.655,50.7693,375.635,332.714,0.0,2538
369,2504.93,2241.32,0,56.3561,0.0,106.354,100.902,0.0,351.207,0.0,3742
370,1855.59,1670.27,0,35.5427,0.0,0.0,96.0791,53.6986,262.972,0.0,2317
371,1782.79,1760.11,0,22.6787,0.0,0.0,0.0,0.0,253.295,0.0,1946
372,1934.96,1912.57,0,22.3869,0.0,0.0,0.0,0.0,273.706,0.0,2481
373,1477.12,1449.16,0,27.9593,0.0,0.0,0.0,0.0,209.003,0.0,2102
374,1868.16,1841.84,0,26.3173,0.0,0.0,0.0,0.0,264.69,0.0,2428
375,2114.03,2091.03,0,22.993,0.0,0.0,0.0,0.0,300.673,0.0,2309
376,2289.61,1827.61,0,31.8366,0.0,106.68,323.482,0.0,323.396,0.0,2933
377,1638.15,1618.15,0,19.9997,0.0,0.0,0.0,0.0,228.859,0.0,3028
378,2495.55,2264.69,0,53.2821,0.0,99.6328,77.9375,0.0,355.178,0.0,2579
379,1728.31,1704.98,0,23.3357,0.0,0.0,0.0,0.0,244.24,0.0,2271
380,1605.51,1583.41,0,22.1002,0.0,0.0,0.0,0.0,229.333,0.0,1766
381,2715.46,2518.01,0,52.7643,0.0,50.297,94.3919,0.0,385.433,0.0,2910
382,1684.18,1666.8,0,17.379,0.0,0.0,0.0,0.0,240.277,0.0,1797
383,1621.87,1599.19,0,22.6874,0.0,0.0,0.0,0.0,225.984,0.0,3261
384,1785.91,1765.55,0,20.3629,0.0,0.0,0.0,0.0,252.849,0.0,2166
385,2469.43,2130.13,0,81.6808,0.0,100.428,157.192,0.0,350.552,0.0,2658
386,2036.04,1907.89,0,14.7062,0.0,103.582,9.86641,0.0,287.397,0.0,2786
387,1612.11,1519.98,0,92.1256,0.0,0.0,0.0,0.0,229.457,0.0,1944
388,1494.95,1476.63,0,18.3272,0.0,0.0,0.0,0.0,213.577,0.0,1597
389,2421.68,1995.51,0,15.5884,6.02808,65.8611,10.9335,327.472,342.478,0.288,3089
390,1618.05,1594.13,0,23.9232,0.0,0.0,0.0,0.0,229.902,0.0,2052
391,1728.12,1709.62,0,18.5089,0.0,0.0,0.0,0.0,246.823,0.0,1910
392,1593.1,1573.78,0,19.321,0.0,0.0,0.0,0.0,227.666,0.0,1691
393,2069.66,2041.02,0,28.6441,0.0,0.0,0.0,0.0,293.783,0.0,2348
394,1731.73,1708.87,0,22.8622,0.0,0.0,0.0,0.0,244.838,0.0,2267
395,1947.6,1915.3,0,32.305,0.0,0.0,0.0,0.0,274.523,0.0,2811
396,2006.54,1987.99,0,18.5479,0.0,0.0,0.0,0.0,280.708,0.0,3355
397,1765.35,1739.83,0,25.5226,0.0,0.0,0.0,0.0,249.067,0.0,2396
398,1481.11,1460.01,0,21.1025,0.0,0.0,0.0,0.0,210.717,0.0,1811
399,2308.83,1902.46,0,2.682,0.0,106.669,17.2073,279.814,328.571,0.0,2448
400,1494.11,1465.88,0,28.2304,0.0,0.0,0.0,0.0,208.935,0.0,2822
401,1976.3,1541.7,0,112.767,0.0,96.8853,22.849,202.103,278.384,0.0,3041
402,2159.84,1778.57,0,36.6814,0.0,102.028,242.565,0.0,305.707,0.0,2733
403,1702.51,1683.49,0,19.0214,0.0,0.0,0.0,0.0,240.763,0.0,2304
404,1722.84,1683.69,0,39.1473,0.0,0.0,0.0,0.0,245.154,0.0,1857
405,1485.16,1463.5,0,21.6649,0.0,0.0,0.0,0.0,212.899,0.0,1574
406,1845.28,1740.06,0,105.223,0.0,0.0,0.0,0.0,262.904,0.0,1981
407,1563.72,1537.61,0,26.108,0.0,0.0,0.0,0.0,223.211,0.0,1711
408,2290.53,1874.73,0,38.17,0.0,106.691,103.644,167.292,323.984,0.0,2713
409,1886.43,1861.64,0,24.7937,0.0,0.0,0.0,0.0,268.064,0.0,1989
410,1932.71,1908.28,0,24.4362,0.0,0.0,0.0,0.0,274.939,0.0,1998
411,1515.37,1492.75,0,22.6176,0.0,0.0,0.0,0.0,216.531,0.0,1653
412,2559.68,2190.23,0,101.213,115.512,109.816,42.6218,0.0,362.512,0.288,2968
413,1744.48,1721.97,0,22.5098,0.0,0.0,0.0,0.0,245.94,0.0,2530
414,2002.86,1981.13,0,21.7235,0.0,0.0,0.0,0.0,283.857,0.0,2358
415,1618.34,1595.03,0,23.3072,0.0,0.0,0.0,0.0,230.773,0.0,1706
416,1585.07,1556.71,0,28.3644,0.0,0.0,0.0,0.0,226.621,0.0,1654
417,1690.65,1671.58,0,19.0676,0.0,0.0,0.0,0.0,241.164,0.0,1974
418,2386.88,2155.59,0,74.4579,0.0,99.2209,57.6134,0.0,338.873,0.0,2733
419,2133.5,2009.75,0,5.00305,0.0,104.078,14.6674,0.0,301.802,0.0,2583
420,2966.71,2202.95,0,5.41164,0.0,98.8841,13.6979,645.763,421.693,0.0,3145
421,2427.68,2055.11,0,203.778,0.0,41.8305,126.96,0.0,344.988,0.0,2683
422,2227.07,2201.23,0,25.8436,0.0,0.0,0.0,0.0,314.237,0.0,2607
423,1558.75,1535.42,0,23.3266,0.0,0.0,0.0,0.0,222.855,0.0,1716
424,2740.87,1886.02,0,57.2527,0.0,104.437,95.8991,597.259,389.359,0.0,3207
425,1525.07,1501.5,0,23.5691,0.0,0.0,0.0,0.0,212.788,0.0,3020
426,2020.83,1986.29,0,34.546,0.0,0.0,0.0,0.0,285.619,0.0,2577
427,1498.52,1476.17,0,22.3545,0.0,0.0,0.0,0.0,214.219,0.0,1583
428,1839.98,1818.16,0,21.8273,0.0,0.0,0.0,0.0,261.107,0.0,2067
429,1883.85,1855.71,0,28.1433,0.0,0.0,0.0,0.0,268.072,0.0,2240
430,1777.52,1735.25,0,42.2756,0.0,0.0,0.0,0.0,252.555,0.0,2195
431,1870.5,1846.82,0,23.6844,0.0,0.0,0.0,0.0,266.547,0.0,2039
432,1907.19,1885.59,0,21.6046,0.0,0.0,0.0,0.0,269.623,0.0,2471
433,1815.09,1792.94,0,22.1486,0.0,0.0,0.0,0.0,257.334,0.0,2048
434,2252.86,2232.75,0,20.1004,0.0,0.0,0.0,0.0,315.095,0.0,3576
435,1759.67,1739.88,0,19.7813,0.0,0.0,0.0,0.0,250.766,0.0,1863
436,2164.74,1932.42,0,122.87,0.0,74.0906,35.3596,0.0,304.864,0.0,3109
437,1529.75,1508.35,0,21.4013,0.0,0.0,0.0,0.0,218.268,0.0,1738
438,1693.53,1669.88,0,23.6576,0.0,0.0,0.0,0.0,241.964,0.0,1825
439,1844.62,1822.46,0,22.1549,0.0,0.0,0.0,0.0,260.756,0.0,2287
440,1929.08,1909.8,0,19.2786,0.0,0.0,0.0,0.0,274.596,0.0,2106
441,2385.39,2141.04,0,70.1491,0.0,106.666,67.5405,0.0,312.034,0.0,9506
442,1765.19,1739.91,0,25.2846,0.0,0.0,0.0,0.0,250.646,0.0,2263
443,1546.63,1528.15,0,18.4815,0.0,0.0,0.0,0.0,221.209,0.0,1725
444,2003.31,1981.82,0,21.4829,0.0,0.0,0.0,0.0,285.843,0.0,2176
445,2079.59,1863.48,0,104.028,0.0,79.702,32.3728,0.0,293.854,0.0,2905
446,4519.35,4088.52,0,196.236,0.0,153.261,81.3356,0.0,641.191,0.0,5518
447,1757.83,1715.94,0,41.896,0.0,0.0,0.0,0.0,249.443,0.0,2131
448,1584.12,1541.63,0,42.4976,0.0,0.0,0.0,0.0,225.67,0.0,1995
449,1706.08,1611.51,0,94.5704,0.0,0.0,0.0,0.0,243.983,0.0,1786
450,1706.5,1687.35,0,19.1522,0.0,0.0,0.0,0.0,243.374,0.0,1831
451,1803.91,1780.44,0,23.4645,0.0,0.0,0.0,0.0,255.016,0.0,2523
452,1819.5,1799.1,0,20.4006,0.0,0.0,0.0,0.0,258.654,0.0,2137
453,1576.37,1556.47,0,19.9035,0.0,0.0,0.0,0.0,222.767,0.0,2326
454,1970.76,1946.56,0,24.1938,0.0,0.0,0.0,0.0,278.107,0.0,2615
455,1974.77,1944.22,0,30.5546,0.0,0.0,0.0,0.0,281.075,0.0,2247
456,2477.95,2348.12,0,80.7396,0.0,0.0,49.0891,0.0,353.615,0.0,2629
457,1927.27,1763.1,0,134.559,0.0,0.0,29.6066,0.0,271.117,0.0,3112
458,1703.91,1677.16,0,26.7563,0.0,0.0,0.0,0.0,242.758,0.0,1865
459,1864.76,1841.4,0,23.3607,0.0,0.0,0.0,0.0,265.047,0.0,2136
460,1938.67,1812.38,0,11.9341,0.0,106.602,7.75983,0.0,271.311,0.0,3386
461,1518.18,1495.82,0,22.3535,0.0,0.0,0.0,0.0,215.346,0.0,2151
462,1597.84,1578.63,0,19.2089,0.0,0.0,0.0,0.0,228.676,0.0,1649
463,1544.25,1522.94,0,21.3017,0.0,0.0,0.0,0.0,219.951,0.0,1890
464,1866.99,1843.81,0,23.1792,0.0,0.0,0.0,0.0,264.264,0.0,2408
465,1495.32,1471.04,0,24.2813,0.0,0.0,0.0,0.0,213.433,0.0,1773
466,2446.39,2316.46,0,1.45242,0.0,104.458,24.0184,0.0,347.502,0.0,2602
467,1731.29,1704.36,0,26.9266,0.0,0.0,0.0,0.0,246.293,0.0,1937
468,1656.47,1635.27,0,21.1972,0.0,0.0,0.0,0.0,236.24,0.0,1790
469,1569.72,1547.53,0,22.1889,0.0,0.0,0.0,0.0,203.346,0.0,7055
470,1740.18,1719.42,0,20.756,0.0,0.0,0.0,0.0,246.737,0.0,2113
471,1572.64,1554.05,0,18.5918,0.0,0.0,0.0,0.0,224.927,0.0,1672
472,1897.19,1874.66,0,22.5392,0.0,0.0,0.0,0.0,267.951,0.0,2554
473,1799.58,1779.09,0,20.4898,0.0,0.0,0.0,0.0,254.718,0.0,2327
474,1528.27,1501.42,0,26.8532,0.0,0.0,0.0,0.0,217.512,0.0,1657
475,1915.86,1886.33,0,29.5376,0.0,0.0,0.0,0.0,271.385,0.0,2281
476,1760.22,1737.58,0,22.6328,0.0,0.0,0.0,0.0,249.568,0.0,2108
477,1666.96,1642.21,0,24.7447,0.0,0.0,0.0,0.0,236.916,0.0,2010
478,1685.52,1667.41,0,18.1091,0.0,0.0,0.0,0.0,232.431,0.0,3815
479,1910.39,1893.81,0,16.5794,0.0,0.0,0.0,0.0,272.313,0.0,1973
480,2224.35,2204.52,0,19.825,0.0,0.0,0.0,0.0,314.459,0.0,2748
481,1799.56,1772.41,0,27.1423,0.0,0.0,0.0,0.0,254.94,0.0,2120
482,4075.69,3536.87,0,27.3411,0.0,45.4989,192.016,273.966,578.123,0.0,5040
483,1578.97,1425.98,0,152.989,0.0,0.0,0.0,0.0,224.859,0.0,1774
484,1624.1,1597.41,0,26.6854,0.0,0.0,0.0,0.0,230.543,0.0,1846
485,1748.86,1721.21,0,27.6548,0.0,0.0,0.0,0.0,249.95,0.0,1869
486,1758.2,1676.61,0,81.5944,0.0,0.0,0.0,0.0,250.632,0.0,1879
487,1567.06,1548.36,0,18.7027,0.0,0.0,0.0,0.0,222.347,0.0,2157
488,1921.88,1728.69,0,158.035,0.0,0.0,35.1577,0.0,274.035,0.0,2066
489,1635.64,1615.61,0,20.0259,0.0,0.0,0.0,0.0,233.141,0.0,1734
490,2797.23,2590.72,0,178.43,0.0,0.0,28.0784,0.0,395.782,0.0,3784
491,1561.89,1539.88,0,22.0068,0.0,0.0,0.0,0.0,216.303,0.0,3329
492,2749.23,1958.96,0,149.913,0.0,106.218,63.9292,470.214,389.193,0.0,3034
493,1761.77,1704.36,0,57.4091,0.0,0.0,0.0,0.0,251.268,0.0,1953
494,1839.47,1800.34,0,39.1295,0.0,0.0,0.0,0.0,262.222,0.0,1961
495,1938.42,1913.65,0,24.7747,0.0,0.0,0.0,0.0,271.49,0.0,3006
496,1606.84,1582.58,0,24.2609,0.0,0.0,0.0,0.0,229.998,0.0,1687
497,2095.56,2072.21,0,23.3554,0.0,0.0,0.0,0.0,295.657,0.0,2759
498,1501.43,1477.19,0,24.246,0.0,0.0,0.0,0.0,214.335,0.0,1608
499,1724.14,1700.04,0,24.0937,0.0,0.0,0.0,0.0,244.392,0.0,2222
500,2156.87,2120.35,0,36.5254,0.0,0.0,0.0,0.0,306.014,0.0,2413
501,1908.54,1874.98,0,33.5565,0.0,0.0,0.0,0.0,270.381,0.0,2419
502,1522.2,1501.52,0,20.6789,0.0,0.0,0.0,0.0,217.678,0.0,1643
503,1578.9,1558.87,0,20.0216,0.0,0.0,0.0,0.0,224.881,0.0,1830
504,2210.37,1751.19,0,309.028,0.0,105.526,44.6236,0.0,313.297,0.0,2808
505,1581.83,1559.06,0,22.7716,0.0,0.0,0.0,0.0,225.677,0.0,1695
506,1515.06,1495.36,0,19.7009,0.0,0.0,0.0,0.0,215.714,0.0,1928
507,1907.41,1865.29,0,42.1161,0.0,0.0,0.0,0.0,267.311,0.0,3184
508,1664.37,1634.94,0,29.4364,0.0,0.0,0.0,0.0,235.301,0.0,2284
509,1608.11,1587.32,0,20.7855,0.0,0.0,0.0,0.0,229.262,0.0,1760
510,1582.09,1556.93,0,25.1565,0.0,0.0,0.0,0.0,225.408,0.0,1863
511,1787.39,1767.06,0,20.3286,0.0,0.0,0.0,0.0,253.583,0.0,2396
512,2344.52,2325.54,0,18.9818,0.0,0.0,0.0,0.0,332.727,0.0,2434
513,2694.34,2080.03,0,113.171,0.0,104.593,83.9617,312.58,383.147,0.0,2856
514,1889.22,1489.86,0,46.7284,0.0,0.0,180.689,171.942,268.811,0.0,2056
515,1617.01,1593.08,0,23.9334,0.0,0.0,0.0,0.0,230.211,0.0,1777
516,1535.85,1512.37,0,23.4792,0.0,0.0,0.0,0.0,218.182,0.0,1939
517,1572.29,1550.93,0,21.3589,0.0,0.0,0.0,0.0,223.25,0.0,2015
518,2058.51,2034.24,0,24.268,0.0,0.0,0.0,0.0,290.914,0.0,2679
519,1461.19,1440.03,0,21.1652,0.0,0.0,0.0,0.0,208.169,0.0,1795
520,1944.18,1906.4,0,37.7794,0.0,0.0,0.0,0.0,274.032,0.0,2794
521,1541.01,1513.47,0,27.5385,0.0,0.0,0.0,0.0,218.454,0.0,2154
522,1776.6,1727.68,0,48.9229,0.0,0.0,0.0,0.0,252.716,0.0,2016
523,1759.87,1440.39,0,43.3352,0.0,0.0,178.686,97.4499,250.966,0.0,1932
524,2011.21,1991.48,0,19.7213,0.0,0.0,0.0,0.0,284.381,0.0,2596
525,1922.29,1901.18,0,21.1009,0.0,0.0,0.0,0.0,273.485,0.0,2001
526,1574.6,1548.77,0,25.8245,0.0,0.0,0.0,0.0,220.517,0.0,2833
527,1540.03,1518.79,0,21.2357,0.0,0.0,0.0,0.0,217.205,0.0,2260
528,1846.9,1825.36,0,21.5334,0.0,0.0,0.0,0.0,262.843,0.0,2245
529,1725.8,1458.05,0,267.752,0.0,0.0,0.0,0.0,246.163,0.0,2083
530,1607.17,1581.17,0,26.0041,0.0,0.0,0.0,0.0,228.653,0.0,1957
531,2064.9,2039.79,0,25.1116,0.0,0.0,0.0,0.0,293.743,0.0,2161
532,1851.65,1831.56,0,20.0907,0.0,0.0,0.0,0.0,263.236,0.0,2008
533,1469.19,1446.46,0,22.726,0.0,0.0,0.0,0.0,206.993,0.0,2282
534,1702.47,1680.82,0,21.6466,0.0,0.0,0.0,0.0,240.881,0.0,2461
535,1667.81,1636.67,0,31.1428,0.0,0.0,0.0,0.0,236.726,0.0,2092
536,1647.64,1627.24,0,20.4008,0.0,0.0,0.0,0.0,234.685,0.0,1824
537,1624.36,1590.14,0,34.2239,0.0,0.0,0.0,0.0,230.753,0.0,2148
538,1793.26,1763.04,0,30.2199,0.0,0.0,0.0,0.0,255.488,0.0,1852
539,1519.69,1498.22,0,21.4739,0.0,0.0,0.0,0.0,216.636,0.0,2011
540,1895.67,1684.98,0,210.69,0.0,0.0,0.0,0.0,269.347,0.0,2288
541,1476.25,1455.61,0,20.6446,0.0,0.0,0.0,0.0,211.323,0.0,1572
542,1799.92,1651.3,0,148.624,0.0,0.0,0.0,0.0,254.239,0.0,2443
543,1906.33,1877.27,0,29.054,0.0,0.0,0.0,0.0,271.023,0.0,2166
544,1634.88,1609.95,0,24.929,0.0,0.0,0.0,0.0,232.947,0.0,2002
545,2115.99,2054.26,0,61.7246,0.0,0.0,0.0,0.0,295.667,0.0,3676
546,1770.45,1740.4,0,30.0434,0.0,0.0,0.0,0.0,251.481,0.0,2150
547,1846.82,1817.69,0,29.1332,0.0,0.0,0.0,0.0,262.171,0.0,2402
548,1705.39,1683.6,0,21.7879,0.0,0.0,0.0,0.0,243.097,0.0,1940
549,1639.27,1620.65,0,18.6246,0.0,0.0,0.0,0.0,233.973,0.0,1802
550,2156.05,2070.63,0,76.6066,0.0,0.0,8.81107,0.0,306.571,0.0,2511
551,1627.78,1602.71,0,25.0707,0.0,0.0,0.0,0.0,230.03,0.0,2239
552,1499.64,1479.46,0,20.1768,0.0,0.0,0.0,0.0,213.469,0.0,2004
553,1965.22,1942.47,0,22.7502,0.0,0.0,0.0,0.0,277.939,0.0,2577
554,1929.55,1901.5,0,28.0513,0.0,0.0,0.0,0.0,274.186,0.0,2337
555,2086.26,2063.25,0,23.0097,0.0,0.0,0.0,0.0,296.565,0.0,2299
556,2833.71,2708.49,0,19.9122,0.0,104.513,0.802254,0.0,391.478,0.0,5826
557,2718.47,2219.63,0,117.927,0.0,0.0,136.499,244.412,387.779,0.0,2885
558,1594.54,1570.2,0,24.3471,0.0,0.0,0.0,0.0,229.012,0.0,1665
559,1676.19,1654.8,0,21.3887,0.0,0.0,0.0,0.0,237.546,0.0,2155
560,2092.96,1902.95,0,107.344,0.0,0.0,82.6662,0.0,298.837,0.0,2203
561,1678.85,1647.24,0,31.6122,0.0,0.0,0.0,0.0,238.429,0.0,2142
562,1608.35,1592.39,0,15.962,0.0,0.0,0.0,0.0,229.961,0.0,1763
563,1730.33,1695.78,0,19.1334,0.0,0.0,15.4082,0.0,245.195,0.0,2073
564,1501.22,1480.13,0,21.0834,0.0,0.0,0.0,0.0,214.11,0.0,1897
565,1632.47,1609.4,0,23.0692,0.0,0.0,0.0,0.0,232.799,0.0,1780
566,1547.27,1523.09,0,24.1752,0.0,0.0,0.0,0.0,221.292,0.0,1614
567,1597.6,1574.86,0,22.7415,0.0,0.0,0.0,0.0,228.392,0.0,1740
568,1617.49,1596.53,0,20.9588,0.0,0.0,0.0,0.0,230.928,0.0,1777
569,1732.87,1704.88,0,27.9839,0.0,0.0,0.0,0.0,246.324,0.0,2040
570,1532.15,1510.68,0,21.4686,0.0,0.0,0.0,0.0,217.468,0.0,1974
571,1542.1,1519.33,0,22.7735,0.0,0.0,0.0,0.0,218.256,0.0,2363
572,1776.6,1756.41,0,20.1857,0.0,0.0,0.0,0.0,251.458,0.0,2323
573,1588.95,1530.03,0,58.9176,0.0,0.0,0.0,0.0,226.22,0.0,1991
574,1992.26,1974.18,0,18.0803,0.0,0.0,0.0,0.0,281.794,0.0,2547
575,1777.51,1754.18,0,23.3384,0.0,0.0,0.0,0.0,251.556,0.0,2400
576,1664.07,1647.64,0,16.4307,0.0,0.0,0.0,0.0,233.635,0.0,2850
577,2644.37,2618.77,0,18.1538,0.0,0.0,7.4472,0.0,374.337,0.0,3578
578,1573.36,1545.4,0,27.9543,0.0,0.0,0.0,0.0,225.113,0.0,1709
579,2155.19,1837.63,0,174.581,0.0,106.595,36.3789,0.0,306.402,0.0,2381
580,1541.89,1446.63,0,95.2549,0.0,0.0,0.0,0.0,220.205,0.0,1703
581,1592.41,1572.29,0,20.1114,0.0,0.0,0.0,0.0,227.367,0.0,1767
582,2022.54,2000.1,0,22.4368,0.0,0.0,0.0,0.0,285.855,0.0,2593
583,1582.44,1557.85,0,24.5896,0.0,0.0,0.0,0.0,224.937,0.0,1840
584,2388.76,2120.03,0,215.605,0.0,0.0,53.1176,0.0,340.279,0.0,2647
585,1722.36,1689.06,0,33.3033,0.0,0.0,0.0,0.0,245.854,0.0,1750
586,1793.29,1762.28,0,31.0072,0.0,0.0,0.0,0.0,255.033,0.0,2143
587,1825.37,1549.46,0,181.572,0.0,0.0,94.3417,0.0,260.075,0.0,2110
588,1844.99,1594.03,0,117.154,0.0,0.0,133.802,0.0,263.103,0.0,2003
589,1584.09,1562.4,0,21.6979,0.0,0.0,0.0,0.0,224.006,0.0,2103
590,2515.7,2246.7,0,114.887,0.0,0.0,154.12,0.0,359.614,0.0,2683
591,1539.84,1512.62,0,27.2257,0.0,0.0,0.0,0.0,219.086,0.0,1845
592,1655.22,1636.25,0,18.972,0.0,0.0,0.0,0.0,228.801,0.0,3712
593,1851.88,1828.27,0,23.6053,0.0,0.0,0.0,0.0,261.56,0.0,2385
594,1677.87,1654.31,0,23.5552,0.0,0.0,0.0,0.0,239.189,0.0,1746
595,1789.25,1770.04,0,19.2109,0.0,0.0,0.0,0.0,249.923,0.0,3247
596,1695.55,1679.58,0,15.9654,0.0,0.0,0.0,0.0,241.69,0.0,1828
597,1738.64,1713.62,0,25.0132,0.0,0.0,0.0,0.0,247.306,0.0,2065
598,1570.03,1549.15,0,20.8776,0.0,0.0,0.0,0.0,224.185,0.0,1639
599,1576.54,1547.47,0,29.0723,0.0,0.0,0.0,0.0,225.152,0.0,1637
600,1995.54,1972.96,0,22.5745,0.0,0.0,0.0,0.0,284.525,0.0,2095
601,2428.31,2181.75,0,54.8436,0.0,104.839,86.8807,0.0,345.308,0.0,2606
602,2056.76,2030.89,0,25.8682,0.0,0.0,0.0,0.0,290.917,0.0,2796
603,1427.57,1394.31,0,33.2597,0.0,0.0,0.0,0.0,204.489,0.0,1499
604,1768.03,1694.11,0,73.9205,0.0,0.0,0.0,0.0,249.771,0.0,2437
605,2485.09,2168.07,0,136.609,0.0,79.9158,100.494,0.0,350.622,0.0,3097
606,2115.94,2088.7,0,27.2354,0.0,0.0,0.0,0.0,299.259,0.0,2676
607,2262.21,2009.01,0,174.15,0.0,0.0,79.0578,0.0,321.999,0.0,2469
608,2472.34,1794.17,0,109.01,0.0,106.107,45.976,417.082,343.496,0.0,4531
609,2244.89,2223.35,0,21.5401,0.0,0.0,0.0,0.0,318.637,0.0,2457
610,1788.89,1768.46,0,20.4283,0.0,0.0,0.0,0.0,254.825,0.0,2044
611,1565.66,1540.47,0,25.1938,0.0,0.0,0.0,0.0,223.584,0.0,1830
612,1774.48,1752.18,0,22.2953,0.0,0.0,0.0,0.0,252.282,0.0,1924
613,1585.42,1565.15,0,20.2728,0.0,0.0,0.0,0.0,225.089,0.0,2173
614,2078.7,1768.07,0,30.9745,0.0,106.674,172.981,0.0,294.464,0.0,2636
615,1569.41,1547.27,0,22.1452,0.0,0.0,0.0,0.0,221.844,0.0,2244
616,2146.95,1901.69,0,36.4077,0.0,104.959,103.892,0.0,305.16,0.0,2341
617,1928.96,1870.74,0,58.2242,0.0,0.0,0.0,0.0,272.429,0.0,2548
618,1829.33,1805.33,0,24.0017,0.0,0.0,0.0,0.0,260.226,0.0,1975
619,1689.97,1661.25,0,28.7188,0.0,0.0,0.0,0.0,240.087,0.0,2146
620,2256.65,1960.35,0,85.2461,0.0,105.834,105.228,0.0,319.943,0.0,2580
621,1622.91,1593.05,0,29.8677,0.0,0.0,0.0,0.0,229.567,0.0,2157
622,1624.49,1604.31,0,20.1817,0.0,0.0,0.0,0.0,232.197,0.0,1916
623,2171.87,1948.9,0,50.6917,0.0,92.0082,80.2674,0.0,308.667,0.0,2498
624,2719.53,2366.55,0,31.9551,0.0,212.283,108.739,0.0,385.647,0.0,2903
625,1881.34,1854.08,0,27.2542,0.0,0.0,0.0,0.0,268.294,0.0,2010
626,1527.3,1509.37,0,17.93,0.0,0.0,0.0,0.0,216.865,0.0,2051
627,2062.13,1808.66,0,103.862,0.0,104.838,44.771,0.0,291.115,0.0,2884
628,1717.32,1692.43,0,24.8961,0.0,0.0,0.0,0.0,243.432,0.0,2136
629,1882.13,1862.2,0,19.9276,0.0,0.0,0.0,0.0,267.698,0.0,2096
630,1640.42,1617.69,0,22.7254,0.0,0.0,0.0,0.0,233.51,0.0,1906
631,1819.11,1793.75,0,25.3616,0.0,0.0,0.0,0.0,258.342,0.0,2051
632,2767.83,2030.74,0,125.14,0.0,106.332,34.6034,471.021,392.226,0.0,3443
633,2209.08,2189.28,0,19.8044,0.0,0.0,0.0,0.0,313.523,0.0,2485
634,1507.59,1486.89,0,20.7004,0.0,0.0,0.0,0.0,214.359,0.0,1844
635,3884.69,3614.2,0,22.7536,0.0,106.625,141.117,0.0,552.983,0.0,4073
636,1635.27,1616.66,0,18.6167,0.0,0.0,0.0,0.0,232.913,0.0,2023
637,2501.84,1976.62,0,148.695,0.0,4.09616,78.6651,293.765,355.574,0.0,2639
638,1641.92,1619.77,0,22.1514,0.0,0.0,0.0,0.0,232.913,0.0,2129
639,2955.02,2744.01,0,173.499,0.0,0.0,37.5118,0.0,420.391,0.0,3521
640,1711.48,1674.69,0,36.7936,0.0,0.0,0.0,0.0,241.172,0.0,2557
641,1709.07,1665.87,0,43.1996,0.0,0.0,0.0,0.0,243.478,0.0,1859
642,1690.74,1661.63,0,29.1027,0.0,0.0,0.0,0.0,241.247,0.0,1970
643,1890.9,1868.66,0,22.2425,0.0,0.0,0.0,0.0,268.985,0.0,2057
644,1591.42,1566.6,0,24.827,0.0,0.0,0.0,0.0,224.414,0.0,2316
645,1731.15,1667.54,0,63.6091,0.0,0.0,0.0,0.0,246.722,0.0,1840
646,1733.91,1712.05,0,21.8633,0.0,0.0,0.0,0.0,247.585,0.0,1862
647,1500.31,1477.22,0,23.0875,0.0,0.0,0.0,0.0,214.929,0.0,1612
648,2160.07,2118.6,0,41.4665,0.0,0.0,0.0,0.0,305.244,0.0,2712
649,1833.92,1807.9,0,26.0184,0.0,0.0,0.0,0.0,257.413,0.0,2807
650,1932.1,1910.31,0,21.7916,0.0,0.0,0.0,0.0,274.345,0.0,2120
651,2100.77,2073.3,0,27.4614,0.0,0.0,0.0,0.0,298.938,0.0,2271
652,1524.32,1505.59,0,18.727,0.0,0.0,0.0,0.0,218.366,0.0,1592
653,2058.52,2033.19,0,25.3269,0.0,0.0,0.0,0.0,292.239,0.0,2403
654,1572.8,1550.24,0,22.5613,0.0,0.0,0.0,0.0,225.105,0.0,1626
655,3981.86,3670.95,0,5.87848,0.0,171.592,133.44,0.0,564.301,0.0,4318
656,2093.3,2071.01,0,22.2936,0.0,0.0,0.0,0.0,293.304,0.0,3443
657,1645.82,1619.38,0,26.4476,0.0,0.0,0.0,0.0,235.484,0.0,1702
658,1602.52,1585.81,0,16.7178,0.0,0.0,0.0,0.0,228.811,0.0,1716
659,1642.2,1622.54,0,19.6549,0.0,0.0,0.0,0.0,232.83,0.0,2186
660,1698.25,1678.18,0,20.0661,0.0,0.0,0.0,0.0,240.373,0.0,2460
661,1657.38,1622.82,0,34.5664,0.0,0.0,0.0,0.0,236.888,0.0,1847
662,1526.61,1502.47,0,24.1407,0.0,0.0,0.0,0.0,218.061,0.0,1562
663,3029.68,2772.02,0,121.962,0.0,105.678,30.0207,0.0,428.896,0.0,3811
664,1567.5,1542.39,0,25.1088,0.0,0.0,0.0,0.0,223.607,0.0,1724
665,1561.87,1542.39,0,19.4805,0.0,0.0,0.0,0.0,221.897,0.0,1952
666,1658.48,1629.43,0,29.0475,0.0,0.0,0.0,0.0,235.777,0.0,2021
667,1911.13,1886.8,0,24.3332,0.0,0.0,0.0,0.0,270.589,0.0,2306
668,2373.5,1966.0,0,74.9562,0.0,104.001,228.545,0.0,335.384,0.0,3195
669,1752.0,1733.58,0,18.4267,0.0,0.0,0.0,0.0,248.029,0.0,2269
670,1628.23,1597.33,0,30.9014,0.0,0.0,0.0,0.0,232.922,0.0,1738
671,2608.41,2220.89,0,8.67755,0.0,101.886,11.1584,265.791,369.145,0.0,3318
672,2110.83,2056.8,0,18.4262,0.0,35.4864,0.113087,0.0,299.321,0.0,2345
673,2124.2,2096.33,0,27.8722,0.0,0.0,0.0,0.0,301.66,0.0,2410
674,1863.28,1824.26,0,39.0254,0.0,0.0,0.0,0.0,264.518,0.0,2149
675,2133.98,2091.85,0,42.1255,0.0,0.0,0.0,0.0,303.434,0.0,2297
676,1693.35,1662.64,0,30.7141,0.0,0.0,0.0,0.0,242.066,0.0,1767
677,1655.14,1632.01,0,23.1294,0.0,0.0,0.0,0.0,234.804,0.0,2140
678,1903.7,1883.02,0,20.6782,0.0,0.0,0.0,0.0,271.321,0.0,2087
679,1578.66,1559.17,0,19.4904,0.0,0.0,0.0,0.0,224.538,0.0,2144
680,1899.11,1880.05,0,19.0625,0.0,0.0,0.0,0.0,270.009,0.0,2091
681,1737.68,1716.41,0,21.2742,0.0,0.0,0.0,0.0,245.283,0.0,2423
682,2285.86,2223.92,0,46.7091,0.0,0.0,15.2315,0.0,325.768,0.0,2580
683,2043.67,2015.35,0,28.3171,0.0,0.0,0.0,0.0,289.504,0.0,2483
684,1603.12,1561.32,0,41.8027,0.0,0.0,0.0,0.0,228.996,0.0,1756
685,1825.18,1768.22,0,56.961,0.0,0.0,0.0,0.0,257.239,0.0,2663
686,1657.36,1609.84,0,47.5211,0.0,0.0,0.0,0.0,236.904,0.0,1726
687,1502.96,1479.64,0,23.3181,0.0,0.0,0.0,0.0,211.206,0.0,2571
688,1662.81,1632.38,0,30.4368,0.0,0.0,0.0,0.0,235.697,0.0,2225
689,2322.93,2072.45,0,65.4919,0.0,102.404,82.5848,0.0,329.334,0.0,3016
690,3617.05,3381.26,0,184.657,0.0,0.0,51.1277,0.0,515.441,0.0,3871
691,2293.64,2077.68,0,104.545,0.0,76.6717,34.7477,0.0,323.968,0.0,3020
692,3969.01,3934.57,0,30.7481,0.0,0.0,3.69405,0.0,565.309,0.0,4280
693,1539.39,1520.65,0,18.7394,0.0,0.0,0.0,0.0,220.185,0.0,1669
694,1799.6,1773.5,0,26.0996,0.0,0.0,0.0,0.0,238.19,0.0,6787
695,3868.38,3614.33,0,123.994,0.0,106.125,23.9298,0.0,550.396,0.0,4050
696,2670.14,2307.16,0,119.355,0.0,101.876,37.4609,104.279,375.772,0.0,3671
697,1862.73,1837.65,0,25.0798,0.0,0.0,0.0,0.0,265.427,0.0,1988
698,1476.23,1450.38,0,25.846,0.0,0.0,0.0,0.0,210.721,0.0,1886
699,1717.86,1684.13,0,33.729,0.0,0.0,0.0,0.0,242.997,0.0,2135
700,1979.65,1955.4,0,24.2504,0.0,0.0,0.0,0.0,280.811,0.0,2190
701,1588.03,1567.63,0,20.4039,0.0,0.0,0.0,0.0,225.813,0.0,1887
702,1658.4,1640.13,0,18.2699,0.0,0.0,0.0,0.0,235.827,0.0,2051
703,1579.22,1550.42,0,28.809,0.0,0.0,0.0,0.0,225.548,0.0,1766
704,1559.88,1539.58,0,20.2969,0.0,0.0,0.0,0.0,221.93,0.0,1846
705,3933.59,2770.11,0,79.5809,64.8798,99.1428,94.3132,825.282,557.272,0.288,4301
706,1599.55,1574.07,0,25.4837,0.0,0.0,0.0,0.0,226.237,0.0,2160
707,1802.2,1783.36,0,18.8432,0.0,0.0,0.0,0.0,256.265,0.0,1976
708,1539.08,1492.81,0,46.2686,0.0,0.0,0.0,0.0,219.36,0.0,1857
709,1694.4,1672.88,0,21.5182,0.0,0.0,0.0,0.0,241.036,0.0,2091
710,1626.66,1602.37,0,24.2887,0.0,0.0,0.0,0.0,232.031,0.0,1737
711,1698.54,1668.66,0,29.8745,0.0,0.0,0.0,0.0,242.25,0.0,1771
712,2409.17,2155.65,0,87.2437,0.0,106.597,59.6781,0.0,340.492,0.0,2982
713,2084.16,2062.91,0,21.2493,0.0,0.0,0.0,0.0,295.193,0.0,2488
714,1843.58,1826.47,0,17.1186,0.0,0.0,0.0,0.0,258.198,0.0,3182
715,1686.61,1653.91,0,32.6934,0.0,0.0,0.0,0.0,239.726,0.0,1924
716,1567.5,1535.48,0,32.0122,0.0,0.0,0.0,0.0,222.598,0.0,2167
717,2063.05,2044.37,0,18.682,0.0,0.0,0.0,0.0,290.958,0.0,2809
718,2199.3,2178.57,0,20.7294,0.0,0.0,0.0,0.0,311.882,0.0,2371
719,1555.11,1531.75,0,23.3612,0.0,0.0,0.0,0.0,220.432,0.0,2009
720,1810.23,1790.46,0,19.7724,0.0,0.0,0.0,0.0,253.245,0.0,3224
721,1815.08,1794.38,0,20.7002,0.0,0.0,0.0,0.0,257.053,0.0,2405
722,1722.97,1703.51,0,19.4574,0.0,0.0,0.0,0.0,244.276,0.0,2273
723,1840.72,1800.17,0,40.556,0.0,0.0,0.0,0.0,261.56,0.0,2022
724,3193.09,2655.57,0,271.923,0.0,209.452,56.1504,0.0,449.692,0.0,4155
725,1881.36,1625.88,0,99.5934,0.0,106.53,49.3501,0.0,267.069,0.0,2155
726,1595.01,1579.84,0,15.1681,0.0,0.0,0.0,0.0,226.657,0.0,1915
727,2049.38,2028.58,0,20.7982,0.0,0.0,0.0,0.0,290.828,0.0,2387
728,2541.65,2093.95,0,3.48636,0.0,66.4508,19.156,358.609,357.301,0.0,3875
729,1994.33,1969.77,0,24.5594,0.0,0.0,0.0,0.0,283.349,0.0,2267
730,1614.55,1594.14,0,20.4055,0.0,0.0,0.0,0.0,229.924,0.0,1728
731,2613.64,2228.77,0,153.735,213.42,0.0,17.7174,0.0,369.999,0.0,3308
732,1636.48,1621.15,0,15.3261,0.0,0.0,0.0,0.0,233.115,0.0,1742
733,2140.68,1679.47,0,126.856,0.0,0.0,68.3715,265.982,301.952,0.0,2940
734,2469.84,2115.86,0,150.293,0.0,106.649,97.0314,0.0,351.276,0.0,2724
735,1782.09,1735.05,0,47.0422,0.0,0.0,0.0,0.0,252.412,0.0,2245
736,2127.64,2108.31,0,19.3351,0.0,0.0,0.0,0.0,301.721,0.0,2483
737,2483.27,2120.65,0,3.20531,0.0,105.993,16.5315,236.893,351.815,0.0,3125
738,1692.07,1671.42,0,20.6462,0.0,0.0,0.0,0.0,241.465,0.0,1956
739,3367.45,2874.37,0,216.162,0.0,106.621,170.298,0.0,476.231,0.0,4433
740,1747.46,1731.59,0,15.8689,0.0,0.0,0.0,0.0,245.305,0.0,2715
741,1790.28,1759.53,0,30.7465,0.0,0.0,0.0,0.0,252.888,0.0,2581
742,3351.39,3112.27,0,152.618,0.0,0.0,86.5008,0.0,478.069,0.0,3645
743,2301.21,1797.46,0,101.062,0.0,0.0,36.7934,365.895,325.512,0.0,2691
744,2001.32,1980.84,0,20.4742,0.0,0.0,0.0,0.0,280.449,0.0,3196
745,1741.88,1718.55,0,23.327,0.0,0.0,0.0,0.0,247.632,0.0,2068
746,1631.64,1609.79,0,21.8472,0.0,0.0,0.0,0.0,232.64,0.0,1732
747,2463.38,2214.25,0,42.6445,0.0,106.686,99.8046,0.0,348.505,0.0,3005
748,2005.55,1943.04,0,62.515,0.0,0.0,0.0,0.0,285.053,0.0,2174
749,1885.98,1859.41,0,26.5691,0.0,0.0,0.0,0.0,260.803,0.0,3894
750,1574.36,1550.9,0,23.4638,0.0,0.0,0.0,0.0,224.537,0.0,1861
751,1832.4,1803.22,0,29.1825,0.0,0.0,0.0,0.0,261.261,0.0,1954
752,1997.12,1955.59,0,41.5272,0.0,0.0,0.0,0.0,282.699,0.0,2576
753,1976.97,1923.39,0,53.339,0.0,0.0,0.242521,0.0,282.135,0.0,2096
754,2042.5,2018.3,0,24.1993,0.0,0.0,0.0,0.0,285.288,0.0,3645
755,1591.9,1548.29,0,43.6085,0.0,0.0,0.0,0.0,225.71,0.0,2075
756,1750.52,1706.69,0,43.8272,0.0,0.0,0.0,0.0,249.326,0.0,1871
757,1611.25,1586.74,0,24.5073,0.0,0.0,0.0,0.0,229.404,0.0,1988
758,1684.53,1650.78,0,33.7539,0.0,0.0,0.0,0.0,239.364,0.0,2004
759,3079.53,2650.03,0,31.6223,122.476,165.283,109.832,0.0,436.798,0.288,3350
760,1657.1,1631.66,0,25.447,0.0,0.0,0.0,0.0,236.643,0.0,1771
761,1774.51,1750.9,0,23.6063,0.0,0.0,0.0,0.0,252.947,0.0,1857
762,1986.69,1966.85,0,19.8351,0.0,0.0,0.0,0.0,281.271,0.0,2429
763,1794.38,1772.18,0,22.1933,0.0,0.0,0.0,0.0,255.256,0.0,2028
764,1543.28,1524.12,0,19.1633,0.0,0.0,0.0,0.0,220.804,0.0,1763
765,2591.19,1892.12,0,37.3794,189.925,109.264,127.63,234.583,367.05,0.288,2955
766,2059.78,2038.73,0,21.0576,0.0,0.0,0.0,0.0,292.391,0.0,2277
767,2315.56,2067.2,0,158.983,0.0,0.0,89.3708,0.0,328.884,0.0,2746
768,2049.55,1747.92,0,12.9953,0.0,105.347,7.96475,175.327,292.546,0.0,2117
769,2073.27,1785.93,0,122.664,0.0,106.691,57.989,0.0,291.537,0.0,3199
770,2028.84,2002.26,0,26.5849,0.0,0.0,0.0,0.0,288.962,0.0,2099
771,1641.39,1610.51,0,30.8789,0.0,0.0,0.0,0.0,230.768,0.0,2640
772,1695.6,1673.82,0,21.7856,0.0,0.0,0.0,0.0,242.072,0.0,1818
773,2093.63,2042.74,0,50.8943,0.0,0.0,0.0,0.0,294.617,0.0,3012
774,2640.19,2505.18,0,22.3279,0.0,106.359,6.32487,0.0,374.968,0.0,2821
775,1742.2,1711.58,0,30.6241,0.0,0.0,0.0,0.0,248.373,0.0,1878
776,1898.58,1876.45,0,22.1263,0.0,0.0,0.0,0.0,269.756,0.0,2014
777,1691.74,1648.29,0,43.4495,0.0,0.0,0.0,0.0,242.003,0.0,1770
778,2241.57,1967.49,0,124.523,0.0,93.1186,56.4384,0.0,316.987,0.0,2732
779,2257.68,1949.54,0,247.095,0.0,0.0,61.0454,0.0,321.8,0.0,2638
780,2121.09,1870.25,0,81.1733,0.0,104.093,65.5703,0.0,301.115,0.0,2673
781,1953.23,1933.26,0,19.9763,0.0,0.0,0.0,0.0,276.056,0.0,2544
782,1538.32,1513.92,0,24.4043,0.0,0.0,0.0,0.0,219.293,0.0,1767
783,1959.47,1922.38,0,37.088,0.0,0.0,0.0,0.0,277.121,0.0,2620
784,1541.37,1520.86,0,20.5159,0.0,0.0,0.0,0.0,219.104,0.0,1992
785,1761.27,1726.88,0,34.391,0.0,0.0,0.0,0.0,250.458,0.0,2075
786,2374.7,1979.02,0,17.0733,0.0,93.9285,3.48151,281.19,337.366,0.0,2568
787,2440.83,1842.76,0,110.298,0.0,211.98,275.795,0.0,346.213,0.0,2678
788,1887.57,1858.72,0,28.8491,0.0,0.0,0.0,0.0,262.674,0.0,3502
789,1807.52,1785.98,0,21.5391,0.0,0.0,0.0,0.0,255.637,0.0,2372
790,2285.83,2255.88,0,29.9539,0.0,0.0,0.0,0.0,323.399,0.0,2803
791,1542.62,1521.43,0,21.1878,0.0,0.0,0.0,0.0,218.861,0.0,1832
792,1658.24,1637.52,0,20.7249,0.0,0.0,0.0,0.0,233.932,0.0,2532
793,2239.93,1992.89,0,83.8109,0.0,103.541,59.6854,0.0,315.684,0.0,3225
794,1585.85,1564.2,0,21.6474,0.0,0.0,0.0,0.0,224.383,0.0,2277
795,3124.17,2516.88,0,121.716,27.3608,71.5778,386.64,0.0,441.251,0.0,4078
796,1919.11,1893.58,0,25.5383,0.0,0.0,0.0,0.0,270.76,0.0,2759
797,1708.43,1686.63,0,21.7982,0.0,0.0,0.0,0.0,242.881,0.0,2009
798,1834.58,1810.93,0,23.6448,0.0,0.0,0.0,0.0,254.523,0.0,3621
799,2122.43,1979.61,0,142.825,0.0,0.0,0.0,0.0,301.393,0.0,2294
800,1865.55,1845.48,0,20.0648,0.0,0.0,0.0,0.0,263.758,0.0,2641
801,2536.6,2135.95,0,43.3117,0.0,106.352,250.992,0.0,356.121,0.0,3592
802,1573.63,1555.15,0,18.4776,0.0,0.0,0.0,0.0,223.639,0.0,1779
803,1629.35,1609.74,0,19.6137,0.0,0.0,0.0,0.0,231.788,0.0,2089
804,1841.97,1823.94,0,18.0378,0.0,0.0,0.0,0.0,260.045,0.0,2431
805,1860.59,1834.58,0,26.0155,0.0,0.0,0.0,0.0,265.264,0.0,2014
806,1629.11,1600.76,0,28.3488,0.0,0.0,0.0,0.0,231.418,0.0,2078
807,1807.74,1729.88,0,77.8627,0.0,0.0,0.0,0.0,256.389,0.0,2247
808,1448.59,1429.95,0,18.643,0.0,0.0,0.0,0.0,207.087,0.0,1549
809,2397.62,1806.63,0,347.932,0.0,100.761,142.3,0.0,338.243,0.0,3131
810,1581.49,1559.83,0,21.6587,0.0,0.0,0.0,0.0,225.832,0.0,1797
811,1510.33,1494.13,0,16.2056,0.0,0.0,0.0,0.0,216.429,0.0,1564
812,1723.67,1570.58,0,153.095,0.0,0.0,0.0,0.0,245.45,0.0,1854
813,2708.71,2310.76,0,221.304,0.0,105.697,70.9422,0.0,381.672,0.0,3652
814,1662.17,1644.28,0,17.8922,0.0,0.0,0.0,0.0,237.172,0.0,1881
815,1854.57,1833.23,0,21.3429,0.0,0.0,0.0,0.0,259.895,0.0,3059
816,1797.8,1764.89,0,32.9137,0.0,0.0,0.0,0.0,256.013,0.0,1938
817,1624.41,1602.7,0,21.7146,0.0,0.0,0.0,0.0,231.357,0.0,1782
818,1566.02,1544.74,0,21.2789,0.0,0.0,0.0,0.0,222.315,0.0,1980
819,1580.86,1554.51,0,26.3488,0.0,0.0,0.0,0.0,224.382,0.0,2126
820,1583.84,1566.97,0,16.8681,0.0,0.0,0.0,0.0,225.441,0.0,2047
821,1561.34,1526.33,0,35.0117,0.0,0.0,0.0,0.0,222.679,0.0,1763
822,1513.77,1491.32,0,22.4542,0.0,0.0,0.0,0.0,214.86,0.0,1928
823,1746.07,1722.33,0,23.7376,0.0,0.0,0.0,0.0,246.288,0.0,2512
824,2802.0,2592.89,0,104.423,0.0,0.0,104.684,0.0,399.873,0.0,3068
825,1642.4,1610.07,0,32.3308,0.0,0.0,0.0,0.0,233.673,0.0,1766
826,1896.62,1621.57,0,97.5988,19.8298,115.577,41.7495,0.0,269.493,0.288,2264
827,2132.84,1778.15,0,138.696,0.0,0.0,38.5273,177.468,304.935,0.0,2331
828,2156.82,2127.36,0,29.458,0.0,0.0,0.0,0.0,304.547,0.0,2765
829,1802.3,1773.37,0,28.922,0.0,0.0,0.0,0.0,256.843,0.0,1944
830,1522.7,1504.26,0,18.443,0.0,0.0,0.0,0.0,218.503,0.0,1566
831,1706.32,1680.42,0,25.8987,0.0,0.0,0.0,0.0,237.007,0.0,3513
832,1664.88,1642.58,0,22.3012,0.0,0.0,0.0,0.0,237.2,0.0,1852
833,1676.98,1654.37,0,22.609,0.0,0.0,0.0,0.0,239.269,0.0,1774
834,1689.59,1557.62,0,131.969,0.0,0.0,0.0,0.0,241.512,0.0,1722
835,1558.34,1535.35,0,22.9857,0.0,0.0,0.0,0.0,222.044,0.0,1696
836,1795.48,1772.24,0,23.2445,0.0,0.0,0.0,0.0,247.548,0.0,4102
837,1609.29,1562.05,0,47.2394,0.0,0.0,0.0,0.0,229.234,0.0,1753
838,2977.35,2849.38,0,16.7629,0.0,106.6,4.60884,0.0,420.266,0.0,3962
839,1907.8,1887.67,0,20.1361,0.0,0.0,0.0,0.0,271.287,0.0,2012
840,2154.68,1898.72,0,47.1206,0.0,79.7519,129.087,0.0,306.63,0.0,2292
841,1778.59,1756.38,0,22.2062,0.0,0.0,0.0,0.0,253.627,0.0,1911
842,1811.15,1792.07,0,19.0713,0.0,0.0,0.0,0.0,256.801,0.0,2291
843,1858.27,1799.45,0,58.827,0.0,0.0,0.0,0.0,264.16,0.0,2155
844,2276.95,2254.06,0,22.8922,0.0,0.0,0.0,0.0,321.363,0.0,3006
845,1557.74,1537.96,0,19.7708,0.0,0.0,0.0,0.0,220.074,0.0,2258
846,1955.61,1898.43,0,57.1757,0.0,0.0,0.0,0.0,278.947,0.0,2075
847,1704.8,1680.76,0,24.04,0.0,0.0,0.0,0.0,240.493,0.0,2321
848,4346.27,3545.08,0,84.5349,0.0,207.843,169.662,339.147,617.441,0.0,4696
849,1760.64,1738.47,0,22.1712,0.0,0.0,0.0,0.0,249.865,0.0,2197
850,1510.1,1490.96,0,19.1376,0.0,0.0,0.0,0.0,215.027,0.0,1906
851,2465.6,2205.09,0,44.5009,0.0,106.66,109.348,0.0,346.258,0.0,3943
852,1620.58,1572.98,0,47.6008,0.0,0.0,0.0,0.0,229.967,0.0,2089
853,2038.94,2013.35,0,25.5966,0.0,0.0,0.0,0.0,283.147,0.0,3889
854,2012.61,1960.17,0,52.4388,0.0,0.0,0.0,0.0,283.181,0.0,2694
855,1604.97,1574.17,0,30.7949,0.0,0.0,0.0,0.0,228.232,0.0,2031
856,1853.24,1831.09,0,22.1473,0.0,0.0,0.0,0.0,263.694,0.0,2035
857,2069.77,1837.74,0,53.2426,0.0,106.44,72.3451,0.0,293.299,0.0,2327
858,2164.61,1886.64,0,166.983,0.0,21.1502,89.829,0.0,304.759,0.0,3055
859,1681.79,1654.94,0,26.8515,0.0,0.0,0.0,0.0,237.316,0.0,2482
860,3322.5,2822.46,0,139.048,37.7177,106.691,45.9408,170.639,470.602,0.0,3923
861,2337.69,2102.17,0,110.467,0.0,77.3345,47.7237,0.0,327.429,0.0,4030
862,1604.09,1578.78,0,25.3126,0.0,0.0,0.0,0.0,228.701,0.0,1739
863,1770.9,1749.11,0,21.7864,0.0,0.0,0.0,0.0,251.869,0.0,1965
864,2533.15,2407.52,0,8.63359,0.0,104.511,12.4838,0.0,359.64,0.0,2709
865,1632.19,1608.26,0,23.9248,0.0,0.0,0.0,0.0,230.751,0.0,2272
866,1744.41,1726.29,0,18.118,0.0,0.0,0.0,0.0,247.692,0.0,2234
867,1499.23,1449.12,0,50.1006,0.0,0.0,0.0,0.0,214.747,0.0,1604
868,1673.59,1642.34,0,31.2505,0.0,0.0,0.0,0.0,238.025,0.0,1978
869,2571.48,2353.3,0,85.4792,0.0,83.2517,49.4479,0.0,365.524,0.0,2737
870,1742.87,1722.0,0,20.8698,0.0,0.0,0.0,0.0,248.639,0.0,2008
871,1707.44,1685.4,0,22.0351,0.0,0.0,0.0,0.0,238.54,0.0,3222
872,1617.98,1598.07,0,19.909,0.0,0.0,0.0,0.0,223.558,0.0,3787
873,1675.2,1651.07,0,24.1258,0.0,0.0,0.0,0.0,235.054,0.0,2946
874,1613.32,1591.69,0,21.6366,0.0,0.0,0.0,0.0,229.623,0.0,1909
875,1836.06,1817.75,0,18.3074,0.0,0.0,0.0,0.0,261.04,0.0,1892
876,1970.02,1946.86,0,23.1535,0.0,0.0,0.0,0.0,279.184,0.0,2514
877,1549.19,1526.4,0,22.7911,0.0,0.0,0.0,0.0,221.614,0.0,1653
878,1624.14,1604.14,0,19.9963,0.0,0.0,0.0,0.0,230.858,0.0,2115
879,1646.49,1627.39,0,19.0946,0.0,0.0,0.0,0.0,234.053,0.0,1893
880,1978.39,1906.11,0,72.2836,0.0,0.0,0.0,0.0,280.838,0.0,2077
881,1707.76,1681.07,0,26.6957,0.0,0.0,0.0,0.0,241.326,0.0,2482
882,1719.55,1450.65,0,75.4792,0.0,0.0,68.6458,124.772,245.41,0.0,1902
883,1883.89,1863.33,0,20.5571,0.0,0.0,0.0,0.0,266.737,0.0,2316
884,4650.55,4056.32,0,155.926,25.0347,213.301,199.971,0.0,659.372,0.0,4997
885,1852.36,1739.53,0,112.833,0.0,0.0,0.0,0.0,262.812,0.0,2198
886,2000.74,1966.82,0,33.9158,0.0,0.0,0.0,0.0,282.221,0.0,2582
887,1569.21,1548.23,0,20.9792,0.0,0.0,0.0,0.0,224.168,0.0,1804
888,2468.63,2233.69,0,39.1785,0.0,106.556,89.2013,0.0,347.078,0.0,3532
889,1631.71,1608.51,0,23.1963,0.0,0.0,0.0,0.0,233.124,0.0,1711
890,1939.11,1903.7,0,35.4053,0.0,0.0,0.0,0.0,274.357,0.0,2419
891,3067.9,2641.1,0,234.596,0.0,151.439,40.7632,0.0,436.249,0.0,3803
892,1991.18,1967.62,0,23.5621,0.0,0.0,0.0,0.0,282.251,0.0,2402
893,1782.32,1719.41,0,62.9124,0.0,0.0,0.0,0.0,254.08,0.0,1950
894,1705.36,1682.39,0,22.9712,0.0,0.0,0.0,0.0,243.564,0.0,1891
895,1746.51,1715.62,0,30.8976,0.0,0.0,0.0,0.0,247.987,0.0,2135
896,1874.51,1849.74,0,24.7787,0.0,0.0,0.0,0.0,266.283,0.0,2288
897,1767.84,1745.87,0,21.9683,0.0,0.0,0.0,0.0,251.653,0.0,1880
898,1982.88,1858.64,0,7.29333,0.0,106.397,10.5403,0.0,281.406,0.0,2245
899,1646.64,1624.98,0,21.6588,0.0,0.0,0.0,0.0,234.526,0.0,1789
900,2459.31,2162.73,0,103.028,0.0,31.3085,162.242,0.0,350.276,0.0,2643
901,1984.5,1962.42,0,22.0804,0.0,0.0,0.0,0.0,274.589,0.0,4302
902,1652.41,1621.98,0,30.438,0.0,0.0,0.0,0.0,235.258,0.0,1870
903,1764.01,1730.82,0,33.1973,0.0,0.0,0.0,0.0,250.094,0.0,2298
904,1848.03,1803.77,0,30.0563,0.0,0.0,14.1966,0.0,264.149,0.0,1980
905,2906.39,2710.83,0,89.6894,0.0,0.0,105.876,0.0,411.889,0.0,3643
906,1653.59,1634.84,0,18.7477,0.0,0.0,0.0,0.0,234.719,0.0,2150
907,4131.23,4000.59,0,13.6688,0.0,106.683,10.2892,0.0,578.904,0.0,6583
908,1802.81,1765.55,0,37.2594,0.0,0.0,0.0,0.0,252.739,0.0,3029
909,1836.83,1812.94,0,23.8932,0.0,0.0,0.0,0.0,261.341,0.0,2233
910,2329.75,2309.6,0,20.1502,0.0,0.0,0.0,0.0,327.08,0.0,3434
911,1965.7,1803.66,0,131.985,0.0,0.0,30.0494,0.0,279.762,0.0,2133
912,1536.0,1513.16,0,22.834,0.0,0.0,0.0,0.0,218.731,0.0,1714
913,1536.82,1516.67,0,20.1499,0.0,0.0,0.0,0.0,219.698,0.0,1657
914,2129.61,1916.72,0,134.422,0.0,54.4122,24.048,0.0,302.042,0.0,2949
915,1903.3,1884.07,0,19.2326,0.0,0.0,0.0,0.0,269.029,0.0,2482
916,2143.32,2121.81,0,21.5083,0.0,0.0,0.0,0.0,302.32,0.0,2788
917,1596.8,1575.37,0,21.4345,0.0,0.0,0.0,0.0,227.286,0.0,1832
918,1753.23,1733.05,0,20.1823,0.0,0.0,0.0,0.0,246.811,0.0,2519
919,1590.94,1569.29,0,21.6529,0.0,0.0,0.0,0.0,227.058,0.0,1807
920,1810.85,1784.91,0,25.9343,0.0,0.0,0.0,0.0,258.396,0.0,1868
921,2229.47,2194.34,0,35.124,0.0,0.0,0.0,0.0,314.663,0.0,3031
922,1878.31,1851.7,0,26.6068,0.0,0.0,0.0,0.0,266.716,0.0,2150
923,1684.99,1664.62,0,20.3695,0.0,0.0,0.0,0.0,238.851,0.0,2114
924,1765.59,1747.9,0,17.6896,0.0,0.0,0.0,0.0,251.808,0.0,1797
925,1800.22,1777.21,0,23.0165,0.0,0.0,0.0,0.0,255.447,0.0,2200
926,2986.41,2745.82,0,57.8109,0.0,106.683,76.1009,0.0,422.854,0.0,3565
927,1659.96,1634.99,0,24.9672,0.0,0.0,0.0,0.0,232.583,0.0,2895
928,1804.5,1785.25,0,19.2437,0.0,0.0,0.0,0.0,256.215,0.0,2300
929,1809.16,1778.86,0,30.3064,0.0,0.0,0.0,0.0,257.872,0.0,1916
930,2408.72,2387.09,0,21.634,0.0,0.0,0.0,0.0,341.111,0.0,2690
931,1577.3,1558.04,0,19.258,0.0,0.0,0.0,0.0,224.163,0.0,2148
932,1789.08,1761.12,0,27.9599,0.0,0.0,0.0,0.0,252.046,0.0,2911
933,1741.38,1716.34,0,25.0381,0.0,0.0,0.0,0.0,247.287,0.0,1911
934,1624.54,1603.22,0,21.3179,0.0,0.0,0.0,0.0,230.994,0.0,2105
935,2018.67,1997.37,0,21.3031,0.0,0.0,0.0,0.0,287.136,0.0,2148
936,1658.27,1630.1,0,28.1673,0.0,0.0,0.0,0.0,236.324,0.0,1920
937,2444.0,1860.82,0,112.491,0.0,100.564,370.123,0.0,347.194,0.0,2552
938,3142.94,2303.09,0,114.096,0.0,208.116,48.6867,468.95,446.118,0.0,3485
939,2039.65,1756.71,0,42.0424,0.0,106.683,134.215,0.0,289.422,0.0,2396
940,1563.5,1535.81,0,27.6899,0.0,0.0,0.0,0.0,220.887,0.0,2408
941,1593.59,1566.89,0,26.6974,0.0,0.0,0.0,0.0,224.409,0.0,2684
942,1622.97,1598.84,0,24.1303,0.0,0.0,0.0,0.0,231.415,0.0,1800
943,1847.78,1824.52,0,23.2613,0.0,0.0,0.0,0.0,256.034,0.0,3993
944,1695.22,1656.25,0,38.9638,0.0,0.0,0.0,0.0,241.537,0.0,1817
945,1661.66,1635.31,0,26.3418,0.0,0.0,0.0,0.0,236.483,0.0,1988
946,2449.52,1835.53,0,50.7753,0.0,106.184,90.3371,366.691,347.288,0.0,2767
947,1764.22,1664.82,0,99.4016,0.0,0.0,0.0,0.0,250.651,0.0,2038
948,1697.93,1673.25,0,24.6807,0.0,0.0,0.0,0.0,241.598,0.0,2133
949,1434.22,1412.72,0,21.4984,0.0,0.0,0.0,0.0,205.658,0.0,1551
950,3306.97,2961.91,0,114.696,0.0,105.257,125.102,0.0,469.389,0.0,3623
951,1534.4,1511.83,0,22.5749,0.0,0.0,0.0,0.0,218.617,0.0,1736
952,1919.47,1893.07,0,26.4044,0.0,0.0,0.0,0.0,273.165,0.0,2046
953,1611.9,1589.67,0,22.2286,0.0,0.0,0.0,0.0,229.75,0.0,1804
954,1632.83,1598.98,0,33.8433,0.0,0.0,0.0,0.0,232.94,0.0,1807
955,2057.74,1841.29,0,107.874,0.0,79.5905,28.9816,0.0,292.647,0.0,2339
956,1611.36,1587.83,0,23.5297,0.0,0.0,0.0,0.0,230.061,0.0,1757
957,1988.64,1964.62,0,24.0291,0.0,0.0,0.0,0.0,282.3,0.0,2179
958,2014.74,1757.05,0,35.087,0.0,106.403,116.201,0.0,286.226,0.0,2178
959,1594.19,1569.89,0,3.54624,0.0,0.0,20.7581,0.0,227.674,0.0,1770
960,1531.28,1510.08,0,21.202,0.0,0.0,0.0,0.0,217.64,0.0,1763
961,2327.97,2084.75,0,91.3913,0.0,106.156,45.6802,0.0,328.921,0.0,2919
962,1753.99,1733.69,0,20.3012,0.0,0.0,0.0,0.0,250.008,0.0,1956
963,3018.36,2230.0,0,46.4027,0.0,135.288,85.6256,521.049,428.83,0.0,3248
964,1517.42,1487.8,0,29.6276,0.0,0.0,0.0,0.0,216.369,0.0,1668
965,2960.56,2706.24,0,55.5425,0.0,104.729,94.0506,0.0,414.222,0.0,5021
966,1531.86,1510.15,0,21.7125,0.0,0.0,0.0,0.0,215.974,0.0,2339
967,1842.85,1827.06,0,15.7868,0.0,0.0,0.0,0.0,261.819,0.0,2135
968,2283.86,2255.57,0,28.2895,0.0,0.0,0.0,0.0,323.213,0.0,2564
969,1548.98,1530.25,0,18.7211,0.0,0.0,0.0,0.0,220.177,0.0,1792
970,1678.36,1656.68,0,21.6818,0.0,0.0,0.0,0.0,238.55,0.0,1961
971,2687.96,2201.44,0,250.741,0.0,0.0,36.6774,199.101,383.642,0.0,2791
972,1650.44,1626.33,0,24.1124,0.0,0.0,0.0,0.0,232.164,0.0,2529
973,1713.67,1694.53,0,19.139,0.0,0.0,0.0,0.0,240.005,0.0,2892
974,1845.37,1817.34,0,28.0332,0.0,0.0,0.0,0.0,263.407,0.0,1952
975,1627.64,1607.71,0,19.9315,0.0,0.0,0.0,0.0,228.041,0.0,2790
976,1723.57,1703.09,0,20.4726,0.0,0.0,0.0,0.0,245.144,0.0,1836
977,1927.55,1524.43,0,259.593,57.3952,0.0,86.1243,0.0,274.626,0.0,2084
978,2895.09,2625.23,0,101.585,0.0,106.3,61.9744,0.0,409.445,0.0,3311
979,2733.25,2484.23,0,41.2004,0.0,105.953,101.868,0.0,387.233,0.0,3015
980,3365.6,2929.22,0,76.9461,0.0,85.1935,194.989,79.2511,475.724,0.0,4646
981,2238.11,2029.11,0,61.4216,0.0,59.1727,88.3996,0.0,318.138,0.0,2398
982,1588.47,1525.1,0,63.3735,0.0,0.0,0.0,0.0,226.771,0.0,1659
983,1965.56,1947.45,0,18.1024,0.0,0.0,0.0,0.0,278.795,0.0,2303
984,2434.17,2410.27,0,23.902,0.0,0.0,0.0,0.0,344.568,0.0,2709
985,1603.95,1570.72,0,33.2307,0.0,0.0,0.0,0.0,229.083,0.0,1724
986,1817.33,1778.83,0,38.5024,0.0,0.0,0.0,0.0,257.439,0.0,2390
987,1783.67,1747.46,0,36.2135,0.0,0.0,0.0,0.0,252.38,0.0,2289
988,1697.73,1679.73,0,18.002,0.0,0.0,0.0,0.0,240.773,0.0,2231
989,1834.14,1747.28,0,86.8556,0.0,0.0,0.0,0.0,259.133,0.0,2593
990,2246.88,1958.27,0,122.593,0.0,75.7803,90.238,0.0,317.972,0.0,2523
991,1504.37,1482.52,0,21.8499,0.0,0.0,0.0,0.0,214.152,0.0,1912
992,1942.88,1916.5,0,26.3806,0.0,0.0,0.0,0.0,275.954,0.0,2102
993,1525.96,1503.71,0,22.2547,0.0,0.0,0.0,0.0,216.312,0.0,1913
994,1439.57,1420.98,0,18.5887,0.0,0.0,0.0,0.0,205.544,0.0,1589
995,1831.1,1812.44,0,18.6585,0.0,0.0,0.0,0.0,260.315,0.0,2025
996,1592.07,1568.8,0,23.2752,0.0,0.0,0.0,0.0,223.908,0.0,2605
997,1730.73,1704.23,0,26.5051,0.0,0.0,0.0,0.0,246.926,0.0,1802
998,1533.37,1510.12,0,23.2554,0.0,0.0,0.0,0.0,218.496,0.0,1891
999,1844.33,1818.31,0,26.0227,0.0,0.0,0.0,0.0,261.471,0.0,2372
